,060570
2008-06-16,4115
2008-06-17,3970
2008-06-18,3990
2008-06-19,3940
2008-06-20,4040
2008-06-23,4050
2008-06-24,3950
2008-06-25,3950
2008-06-26,3900
2008-06-27,3785
2008-06-30,3790
2008-07-01,3610
2008-07-02,3520
2008-07-03,3650
2008-07-04,3520
2008-07-07,3560
2008-07-08,3475
2008-07-09,3510
2008-07-10,3500
2008-07-11,3640
2008-07-14,3650
2008-07-15,3800
2008-07-16,3850
2008-07-17,3860
2008-07-18,3750
2008-07-21,3790
2008-07-22,3750
2008-07-23,3920
2008-07-24,3960
2008-07-25,3850
2008-07-28,3960
2008-07-29,4040
2008-07-30,4045
2008-07-31,3950
2008-08-01,3905
2008-08-04,3895
2008-08-05,3795
2008-08-06,3810
2008-08-07,3915
2008-08-08,3945
2008-08-11,3720
2008-08-12,3645
2008-08-13,3640
2008-08-14,3730
2008-08-18,3600
2008-08-19,3565
2008-08-20,3565
2008-08-21,3530
2008-08-22,3545
2008-08-25,3515
2008-08-26,3440
2008-08-27,3220
2008-08-28,3145
2008-08-29,3020
2008-09-01,2600
2008-09-02,2500
2008-09-03,2635
2008-09-04,2645
2008-09-05,2500
2008-09-08,2650
2008-09-09,2560
2008-09-10,2560
2008-09-11,2600
2008-09-12,2710
2008-09-16,2400
2008-09-17,2500
2008-09-18,2475
2008-09-19,2600
2008-09-22,2500
2008-09-23,2475
2008-09-24,2540
2008-09-25,2510
2008-09-26,2525
2008-09-29,2555
2008-09-30,2620
2008-10-01,2650
2008-10-02,2560
2008-10-06,2375
2008-10-07,2375
2008-10-08,2295
2008-10-09,2175
2008-10-10,1860
2008-10-13,1905
2008-10-14,2060
2008-10-15,2020
2008-10-16,1845
2008-10-17,1855
2008-10-20,2010
2008-10-21,2045
2008-10-22,1880
2008-10-23,1670
2008-10-24,1650
2008-10-27,1525
2008-10-28,1730
2008-10-29,1645
2008-10-30,1890
2008-10-31,1940
2008-11-03,2035
2008-11-04,2025
2008-11-05,2070
2008-11-06,1970
2008-11-07,2025
2008-11-10,2150
2008-11-11,2470
2008-11-12,2470
2008-11-13,2840
2008-11-14,3100
2008-11-17,3090
2008-11-18,3150
2008-11-19,2700
2008-11-20,2310
2008-11-21,2430
2008-11-24,2575
2008-11-25,2620
2008-11-26,2565
2008-11-27,2650
2008-11-28,2650
2008-12-01,2695
2008-12-02,2540
2008-12-03,2370
2008-12-04,2370
2008-12-05,2405
2008-12-08,2430
2008-12-09,2480
2008-12-10,2500
2008-12-11,2415
2008-12-12,2375
2008-12-15,2480
2008-12-16,2445
2008-12-17,2410
2008-12-18,2410
2008-12-19,2430
2008-12-22,2360
2008-12-23,2185
2008-12-24,2020
2008-12-26,2060
2008-12-29,2015
2008-12-30,2305
2009-01-02,2305
2009-01-05,2310
2009-01-06,2410
2009-01-07,2405
2009-01-08,2390
2009-01-09,2390
2009-01-12,2745
2009-01-13,2745
2009-01-14,2820
2009-01-15,2690
2009-01-16,2715
2009-01-19,2690
2009-01-20,2555
2009-01-21,2500
2009-01-22,2530
2009-01-23,2540
2009-01-28,2620
2009-01-29,2635
2009-01-30,2590
2009-02-02,2515
2009-02-03,2580
2009-02-04,2650
2009-02-05,2585
2009-02-06,2635
2009-02-09,2700
2009-02-10,2820
2009-02-11,2815
2009-02-12,2875
2009-02-13,3000
2009-02-16,2910
2009-02-17,2675
2009-02-18,2685
2009-02-19,2690
2009-02-20,2640
2009-02-23,2640
2009-02-24,2500
2009-02-25,2450
2009-02-26,2270
2009-02-27,2280
2009-03-02,2060
2009-03-03,2155
2009-03-04,2200
2009-03-05,2240
2009-03-06,2195
2009-03-09,2275
2009-03-10,2275
2009-03-11,2320
2009-03-12,2290
2009-03-13,2410
2009-03-16,2530
2009-03-17,2620
2009-03-18,2540
2009-03-19,2460
2009-03-20,2500
2009-03-23,2545
2009-03-24,2550
2009-03-25,2600
2009-03-26,2680
2009-03-27,2565
2009-03-30,2530
2009-03-31,2550
2009-04-01,2530
2009-04-02,2630
2009-04-03,2690
2009-04-06,2715
2009-04-07,2750
2009-04-08,2755
2009-04-09,2905
2009-04-10,2920
2009-04-13,3355
2009-04-14,3855
2009-04-15,4080
2009-04-16,3950
2009-04-17,4160
2009-04-20,4000
2009-04-21,4000
2009-04-22,4045
2009-04-23,3780
2009-04-24,4045
2009-04-27,4035
2009-04-28,3700
2009-04-29,3705
2009-04-30,4260
2009-05-04,4300
2009-05-06,4300
2009-05-07,4300
2009-05-08,4110
2009-05-11,4025
2009-05-12,4060
2009-05-13,4110
2009-05-14,3785
2009-05-15,3950
2009-05-18,3765
2009-05-19,3800
2009-05-20,3880
2009-05-21,3700
2009-05-22,3700
2009-05-25,4005
2009-05-26,4200
2009-05-27,4210
2009-05-28,3825
2009-05-29,3775
2009-06-01,3655
2009-06-02,3670
2009-06-03,3580
2009-06-04,3505
2009-06-05,3590
2009-06-08,3500
2009-06-09,3280
2009-06-10,3325
2009-06-11,3225
2009-06-12,3350
2009-06-15,3280
2009-06-16,3245
2009-06-17,3210
2009-06-18,3220
2009-06-19,3115
2009-06-22,3115
2009-06-23,2895
2009-06-24,2900
2009-06-25,3005
2009-06-26,3020
2009-06-29,3020
2009-06-30,3080
2009-07-01,3080
2009-07-02,3160
2009-07-03,3260
2009-07-06,3210
2009-07-07,3195
2009-07-08,3040
2009-07-09,3035
2009-07-10,2955
2009-07-13,2820
2009-07-14,2710
2009-07-15,2795
2009-07-16,2725
2009-07-17,2705
2009-07-20,2765
2009-07-21,2785
2009-07-22,2905
2009-07-23,2880
2009-07-24,2860
2009-07-27,2855
2009-07-28,2855
2009-07-29,2805
2009-07-30,2815
2009-07-31,2830
2009-08-03,2855
2009-08-04,2855
2009-08-05,3000
2009-08-06,2985
2009-08-07,3025
2009-08-10,2990
2009-08-11,2900
2009-08-12,2900
2009-08-13,2685
2009-08-14,2715
2009-08-17,2560
2009-08-18,2560
2009-08-19,2565
2009-08-20,2615
2009-08-21,2550
2009-08-24,2490
2009-08-25,2490
2009-08-26,2510
2009-08-27,2560
2009-08-28,2595
2009-08-31,2485
2009-09-01,2630
2009-09-02,2600
2009-09-03,2730
2009-09-04,2715
2009-09-07,2695
2009-09-08,2600
2009-09-09,2600
2009-09-10,2570
2009-09-11,2545
2009-09-14,2550
2009-09-15,2750
2009-09-16,2760
2009-09-17,2745
2009-09-18,2730
2009-09-21,2660
2009-09-22,2640
2009-09-23,2555
2009-09-24,2585
2009-09-25,2560
2009-09-28,2800
2009-09-29,2840
2009-09-30,3205
2009-10-01,3685
2009-10-05,4235
2009-10-06,4390
2009-10-07,4300
2009-10-08,4945
2009-10-09,4340
2009-10-12,4515
2009-10-13,4390
2009-10-14,4720
2009-10-15,4200
2009-10-16,3940
2009-10-19,3925
2009-10-20,3850
2009-10-21,3615
2009-10-22,3555
2009-10-23,3430
2009-10-26,3610
2009-10-27,3490
2009-10-28,3450
2009-10-29,3615
2009-10-30,3400
2009-11-02,3500
2009-11-03,3520
2009-11-04,3370
2009-11-05,3380
2009-11-06,3535
2009-11-09,3600
2009-11-10,3455
2009-11-11,3620
2009-11-12,3945
2009-11-13,3840
2009-11-16,3630
2009-11-17,3090
2009-11-18,2955
2009-11-19,2840
2009-11-20,2880
2009-11-23,2995
2009-11-24,2905
2009-11-25,2840
2009-11-26,2720
2009-11-27,2490
2009-11-30,2860
2009-12-01,2920
2009-12-02,2835
2009-12-03,3260
2009-12-04,3150
2009-12-07,3145
2009-12-08,3300
2009-12-09,3270
2009-12-10,3360
2009-12-11,3275
2009-12-14,3225
2009-12-15,3170
2009-12-16,3275
2009-12-17,3200
2009-12-18,3250
2009-12-21,3465
2009-12-22,3320
2009-12-23,3240
2009-12-24,3200
2009-12-28,3085
2009-12-29,3320
2009-12-30,3815
2010-01-04,4385
2010-01-05,5040
2010-01-06,4705
2010-01-07,4935
2010-01-08,4485
2010-01-11,4600
2010-01-12,5290
2010-01-13,5690
2010-01-14,5870
2010-01-15,6310
2010-01-18,6300
2010-01-19,6230
2010-01-20,5730
2010-01-21,5610
2010-01-22,5680
2010-01-25,5400
2010-01-26,5530
2010-01-27,5360
2010-01-28,4620
2010-01-29,3950
2010-02-01,4365
2010-02-02,4500
2010-02-03,4430
2010-02-04,5090
2010-02-05,4900
2010-02-08,4490
2010-02-09,4455
2010-02-10,4430
2010-02-11,4625
2010-02-12,4645
2010-02-16,4810
2010-02-17,5530
2010-02-18,5270
2010-02-19,5300
2010-02-22,5450
2010-02-23,5320
2010-02-24,5500
2010-02-25,5180
2010-02-26,5170
2010-03-02,5350
2010-03-03,5480
2010-03-04,5240
2010-03-05,5340
2010-03-08,5400
2010-03-09,5580
2010-03-10,5990
2010-03-11,5900
2010-03-12,6240
2010-03-15,6030
2010-03-16,5860
2010-03-17,5780
2010-03-18,5850
2010-03-19,5700
2010-03-22,5730
2010-03-23,5910
2010-03-24,5170
2010-03-25,5070
2010-03-26,5300
2010-03-29,5520
2010-03-30,5300
2010-03-31,5180
2010-04-01,5190
2010-04-02,5240
2010-04-05,5120
2010-04-06,4770
2010-04-07,4860
2010-04-08,4830
2010-04-09,4660
2010-04-12,4530
2010-04-13,4580
2010-04-14,4635
2010-04-15,4430
2010-04-16,4320
2010-04-19,4080
2010-04-20,4175
2010-04-21,4225
2010-04-22,4180
2010-04-23,4050
2010-04-26,4440
2010-04-27,4540
2010-04-28,4570
2010-04-29,4585
2010-04-30,4455
2010-05-03,4235
2010-05-04,4215
2010-05-06,3990
2010-05-07,3995
2010-05-10,4330
2010-05-11,4245
2010-05-12,4400
2010-05-13,4400
2010-05-14,4415
2010-05-17,4170
2010-05-18,4065
2010-05-19,4050
2010-05-20,3765
2010-05-24,3845
2010-05-25,3820
2010-05-26,4390
2010-05-27,4515
2010-05-28,4520
2010-05-31,4485
2010-06-01,4710
2010-06-03,4670
2010-06-04,4595
2010-06-07,4360
2010-06-08,4365
2010-06-09,4350
2010-06-10,4330
2010-06-11,4535
2010-06-14,5210
2010-06-15,5200
2010-06-16,5260
2010-06-17,4855
2010-06-18,4905
2010-06-21,4800
2010-06-22,4825
2010-06-23,4720
2010-06-24,4570
2010-06-25,4575
2010-06-28,4340
2010-06-29,4110
2010-06-30,4080
2010-07-01,4100
2010-07-02,4120
2010-07-05,4170
2010-07-06,4080
2010-07-07,4020
2010-07-08,4020
2010-07-09,4010
2010-07-12,4100
2010-07-13,4155
2010-07-14,4015
2010-07-15,3975
2010-07-16,3860
2010-07-19,3855
2010-07-20,4040
2010-07-21,3900
2010-07-22,3800
2010-07-23,3750
2010-07-26,3735
2010-07-27,3685
2010-07-28,3750
2010-07-29,3650
2010-07-30,3665
2010-08-02,3585
2010-08-03,3585
2010-08-04,3515
2010-08-05,3385
2010-08-06,3350
2010-08-09,3355
2010-08-10,3430
2010-08-11,3320
2010-08-12,3215
2010-08-13,3235
2010-08-16,3400
2010-08-17,3380
2010-08-18,3340
2010-08-19,3365
2010-08-20,3410
2010-08-23,3520
2010-08-24,3350
2010-08-25,3205
2010-08-26,3230
2010-08-27,3080
2010-08-30,3075
2010-08-31,3100
2010-09-01,3140
2010-09-02,3145
2010-09-03,3165
2010-09-06,3170
2010-09-07,3155
2010-09-08,3080
2010-09-09,3055
2010-09-10,3080
2010-09-13,3075
2010-09-14,3100
2010-09-15,3220
2010-09-16,3185
2010-09-17,3220
2010-09-20,3135
2010-09-24,3090
2010-09-27,3055
2010-09-28,3035
2010-09-29,3120
2010-09-30,3095
2010-10-01,3155
2010-10-04,3135
2010-10-05,3160
2010-10-06,3350
2010-10-07,3425
2010-10-08,3295
2010-10-11,3220
2010-10-12,3200
2010-10-13,3250
2010-10-14,3250
2010-10-15,3350
2010-10-18,3500
2010-10-19,3365
2010-10-20,3480
2010-10-21,3385
2010-10-22,3305
2010-10-25,3370
2010-10-26,3310
2010-10-27,3310
2010-10-28,3420
2010-10-29,3280
2010-11-01,3125
2010-11-02,3110
2010-11-03,3150
2010-11-04,3125
2010-11-05,3225
2010-11-08,3170
2010-11-09,3145
2010-11-10,3095
2010-11-11,3000
2010-11-12,2835
2010-11-15,2710
2010-11-16,2710
2010-11-17,2670
2010-11-18,2730
2010-11-19,2870
2010-11-22,2750
2010-11-23,2755
2010-11-24,2650
2010-11-25,2650
2010-11-26,2545
2010-11-29,2455
2010-11-30,2500
2010-12-01,2545
2010-12-02,2525
2010-12-03,2480
2010-12-06,2495
2010-12-07,2545
2010-12-08,2485
2010-12-09,2510
2010-12-10,2620
2010-12-13,2645
2010-12-14,2640
2010-12-15,2650
2010-12-16,2640
2010-12-17,2640
2010-12-20,2540
2010-12-21,2530
2010-12-22,2480
2010-12-23,2485
2010-12-24,2470
2010-12-27,2480
2010-12-28,2535
2010-12-29,2610
2010-12-30,2625
2011-01-03,2660
2011-01-04,2605
2011-01-05,2620
2011-01-06,2610
2011-01-07,3000
2011-01-10,3115
2011-01-11,3175
2011-01-12,3000
2011-01-13,2940
2011-01-14,2915
2011-01-17,2955
2011-01-18,2880
2011-01-19,2910
2011-01-20,2850
2011-01-21,2730
2011-01-24,2680
2011-01-25,2645
2011-01-26,2640
2011-01-27,2655
2011-01-28,2575
2011-01-31,2565
2011-02-01,2730
2011-02-07,2735
2011-02-08,2680
2011-02-09,2590
2011-02-10,2590
2011-02-11,2520
2011-02-14,2540
2011-02-15,2450
2011-02-16,2355
2011-02-17,2220
2011-02-18,2255
2011-02-21,2370
2011-02-22,2350
2011-02-23,2310
2011-02-24,2230
2011-02-25,2270
2011-02-28,2235
2011-03-02,2260
2011-03-03,2285
2011-03-04,2300
2011-03-07,2280
2011-03-08,2255
2011-03-09,2240
2011-03-10,2230
2011-03-11,2205
2011-03-14,2075
2011-03-15,1905
2011-03-16,1870
2011-03-17,1775
2011-03-18,1860
2011-03-21,1965
2011-03-22,1970
2011-03-23,1975
2011-03-24,1930
2011-03-25,1910
2011-03-28,1885
2011-03-29,1880
2011-03-30,1890
2011-03-31,1930
2011-04-01,2215
2011-04-04,2240
2011-04-05,2315
2011-04-06,2445
2011-04-07,2290
2011-04-08,2270
2011-04-11,2335
2011-04-12,2290
2011-04-13,2285
2011-04-14,2215
2011-04-15,2260
2011-04-18,2250
2011-04-19,2275
2011-04-20,2380
2011-04-21,2355
2011-04-22,2285
2011-04-25,2255
2011-04-26,2125
2011-04-27,2170
2011-04-28,2195
2011-04-29,2190
2011-05-02,2080
2011-05-03,2065
2011-05-04,2015
2011-05-06,2030
2011-05-09,2085
2011-05-11,2100
2011-05-12,2145
2011-05-13,2170
2011-05-16,2250
2011-05-17,2245
2011-05-18,2285
2011-05-19,2225
2011-05-20,2270
2011-05-23,2215
2011-05-24,2200
2011-05-25,2150
2011-05-26,2145
2011-05-27,2275
2011-05-30,2260
2011-05-31,2300
2011-06-01,2250
2011-06-02,2390
2011-06-03,2400
2011-06-07,2425
2011-06-08,2485
2011-06-09,2420
2011-06-10,2350
2011-06-13,2300
2011-06-14,2340
2011-06-15,2320
2011-06-16,2280
2011-06-17,2480
2011-06-20,2400
2011-06-21,2430
2011-06-22,2300
2011-06-23,2450
2011-06-24,2510
2011-06-27,2490
2011-06-28,2500
2011-06-29,2750
2011-06-30,2690
2011-07-01,2725
2011-07-04,2735
2011-07-05,2825
2011-07-06,2870
2011-07-07,2945
2011-07-08,3005
2011-07-11,3450
2011-07-12,2935
2011-07-13,2550
2011-07-14,2550
2011-07-15,2495
2011-07-18,2550
2011-07-19,2615
2011-07-20,2585
2011-07-21,2495
2011-07-22,2660
2011-07-25,2565
2011-07-26,2590
2011-07-27,2565
2011-07-28,2500
2011-07-29,2390
2011-08-01,2400
2011-08-02,2340
2011-08-03,2235
2011-08-04,2215
2011-08-05,2045
2011-08-08,1900
2011-08-09,1780
2011-08-10,1865
2011-08-11,1870
2011-08-12,1830
2011-08-16,1910
2011-08-17,1965
2011-08-18,2020
2011-08-19,1870
2011-08-22,1845
2011-08-23,1880
2011-08-24,1820
2011-08-25,1800
2011-08-26,1795
2011-08-29,1965
2011-08-30,1910
2011-08-31,1900
2011-09-01,1885
2011-09-02,1910
2011-09-05,1920
2011-09-06,1795
2011-09-07,1825
2011-09-08,1800
2011-09-09,1770
2011-09-14,1720
2011-09-15,1665
2011-09-16,1710
2011-09-19,1665
2011-09-20,1760
2011-09-21,1790
2011-09-22,1720
2011-09-23,1635
2011-09-26,1390
2011-09-27,1460
2011-09-28,1435
2011-09-29,1505
2011-09-30,1550
2011-10-04,1480
2011-10-05,1410
2011-10-06,1480
2011-10-07,1565
2011-10-10,1585
2011-10-11,1820
2011-10-12,1765
2011-10-13,1805
2011-10-14,1750
2011-10-17,1760
2011-10-18,1700
2011-10-19,1710
2011-10-20,1635
2011-10-21,1670
2011-10-24,1735
2011-10-25,1710
2011-10-26,1695
2011-10-27,1745
2011-10-28,1760
2011-10-31,1750
2011-11-01,1700
2011-11-02,1700
2011-11-03,1745
2011-11-04,1775
2011-11-07,1745
2011-11-08,1770
2011-11-09,1730
2011-11-10,1640
2011-11-11,1645
2011-11-14,1670
2011-11-15,1630
2011-11-16,1550
2011-11-17,1530
2011-11-18,1490
2011-11-21,1445
2011-11-22,1510
2011-11-23,1430
2011-11-24,1435
2011-11-25,1415
2011-11-28,1510
2011-11-29,1500
2011-11-30,1500
2011-12-01,1535
2011-12-02,1560
2011-12-05,1560
2011-12-06,1790
2011-12-07,1805
2011-12-08,1890
2011-12-09,1860
2011-12-12,1830
2011-12-13,1680
2011-12-14,1730
2011-12-15,1640
2011-12-16,1750
2011-12-19,1655
2011-12-20,1765
2011-12-21,1800
2011-12-22,1845
2011-12-23,1900
2011-12-26,1825
2011-12-27,1800
2011-12-28,1825
2011-12-29,1900
2012-01-02,2185
2012-01-03,2400
2012-01-04,2450
2012-01-05,2350
2012-01-06,2400
2012-01-09,2350
2012-01-10,2300
2012-01-11,2300
2012-01-12,2185
2012-01-13,2200
2012-01-16,2305
2012-01-17,2340
2012-01-18,2240
2012-01-19,2295
2012-01-20,2255
2012-01-25,2335
2012-01-26,2685
2012-01-27,2605
2012-01-30,2530
2012-01-31,2495
2012-02-01,2450
2012-02-02,2495
2012-02-03,2500
2012-02-06,2565
2012-02-07,2545
2012-02-08,2535
2012-02-09,2425
2012-02-10,2445
2012-02-13,2580
2012-02-14,2510
2012-02-15,2530
2012-02-16,2565
2012-02-17,2205
2012-02-20,2285
2012-02-21,2270
2012-02-22,2270
2012-02-23,2270
2012-02-24,2280
2012-02-27,2220
2012-02-28,2070
2012-02-29,2105
2012-03-02,2130
2012-03-05,2150
2012-03-06,2080
2012-03-07,2070
2012-03-08,2130
2012-03-09,2215
2012-03-12,2230
2012-03-13,2200
2012-03-14,2185
2012-03-15,2170
2012-03-16,2200
2012-03-19,2200
2012-03-20,2280
2012-03-21,2200
2012-03-22,2100
2012-03-23,2100
2012-03-26,2080
2012-03-27,2030
2012-03-28,2025
2012-03-29,1960
2012-03-30,1960
2012-04-02,2135
2012-04-03,2080
2012-04-04,2230
2012-04-05,2185
2012-04-06,2150
2012-04-09,1940
2012-04-10,1960
2012-04-12,2075
2012-04-13,2100
2012-04-16,2100
2012-04-17,2085
2012-04-18,2135
2012-04-19,2055
2012-04-20,2160
2012-04-23,2270
2012-04-24,2170
2012-04-25,2235
2012-04-26,2135
2012-04-27,2230
2012-04-30,2215
2012-05-02,2335
2012-05-03,2250
2012-05-04,2165
2012-05-07,2110
2012-05-08,2135
2012-05-09,2110
2012-05-10,2025
2012-05-11,2030
2012-05-14,2000
2012-05-15,1890
2012-05-16,1810
2012-05-17,1805
2012-05-18,1700
2012-05-21,1710
2012-05-22,1760
2012-05-23,1715
2012-05-24,1760
2012-05-25,1755
2012-05-29,1760
2012-05-30,1765
2012-05-31,1785
2012-06-01,1765
2012-06-04,1695
2012-06-05,1690
2012-06-07,1730
2012-06-08,1765
2012-06-11,1755
2012-06-12,1740
2012-06-13,1740
2012-06-14,1730
2012-06-15,1690
2012-06-18,1690
2012-06-19,1685
2012-06-20,1705
2012-06-21,1745
2012-06-22,1780
2012-06-25,1730
2012-06-26,1735
2012-06-27,1760
2012-06-28,1730
2012-06-29,1720
2012-07-02,1730
2012-07-03,1780
2012-07-04,1780
2012-07-05,1845
2012-07-06,1795
2012-07-09,1750
2012-07-10,1795
2012-07-11,1795
2012-07-12,1755
2012-07-13,1805
2012-07-16,1845
2012-07-17,1810
2012-07-18,1865
2012-07-19,2010
2012-07-20,2170
2012-07-23,2135
2012-07-24,1970
2012-07-25,1950
2012-07-26,1970
2012-07-27,2050
2012-07-30,1990
2012-07-31,2060
2012-08-01,2035
2012-08-02,2040
2012-08-03,1970
2012-08-06,1900
2012-08-07,1865
2012-08-08,1900
2012-08-09,1880
2012-08-10,1885
2012-08-13,1895
2012-08-14,1935
2012-08-16,1900
2012-08-17,2185
2012-08-20,2510
2012-08-21,2490
2012-08-22,2535
2012-08-23,2400
2012-08-24,2380
2012-08-27,2505
2012-08-28,2420
2012-08-29,2505
2012-08-30,2310
2012-08-31,2290
2012-09-03,2305
2012-09-04,2260
2012-09-05,2100
2012-09-06,2120
2012-09-07,2155
2012-09-10,2170
2012-09-11,2175
2012-09-12,2120
2012-09-13,2180
2012-09-14,2230
2012-09-17,2200
2012-09-18,2140
2012-09-19,2140
2012-09-20,2125
2012-09-21,2125
2012-09-24,2295
2012-09-25,2130
2012-09-26,2120
2012-09-27,2070
2012-09-28,2070
2012-10-02,2010
2012-10-04,2060
2012-10-05,2050
2012-10-08,2025
2012-10-09,2065
2012-10-10,2115
2012-10-11,2150
2012-10-12,2215
2012-10-15,2100
2012-10-16,2090
2012-10-17,2120
2012-10-18,2160
2012-10-19,2100
2012-10-22,2085
2012-10-23,2035
2012-10-24,2100
2012-10-25,2200
2012-10-26,2200
2012-10-29,2140
2012-10-30,2235
2012-10-31,2245
2012-11-01,2170
2012-11-02,2290
2012-11-05,2390
2012-11-06,2745
2012-11-07,2885
2012-11-08,2990
2012-11-09,2850
2012-11-12,2800
2012-11-13,2710
2012-11-14,2670
2012-11-15,2555
2012-11-16,2625
2012-11-19,2650
2012-11-20,2640
2012-11-21,2630
2012-11-22,2790
2012-11-23,2765
2012-11-26,2675
2012-11-27,2690
2012-11-28,2480
2012-11-29,2430
2012-11-30,2405
2012-12-03,2500
2012-12-04,2405
2012-12-05,2480
2012-12-06,2470
2012-12-07,2525
2012-12-10,2470
2012-12-11,2470
2012-12-12,2440
2012-12-13,2525
2012-12-14,2480
2012-12-17,2555
2012-12-18,2550
2012-12-20,2465
2012-12-21,2370
2012-12-24,2335
2012-12-26,2300
2012-12-27,2310
2012-12-28,2385
2013-01-02,2415
2013-01-03,2435
2013-01-04,2490
2013-01-07,2460
2013-01-08,2520
2013-01-09,2500
2013-01-10,2340
2013-01-11,2415
2013-01-14,2530
2013-01-15,2560
2013-01-16,2560
2013-01-17,2515
2013-01-18,2490
2013-01-21,2570
2013-01-22,2845
2013-01-23,2750
2013-01-24,2885
2013-01-25,2800
2013-01-28,2610
2013-01-29,2670
2013-01-30,2660
2013-01-31,2805
2013-02-01,2775
2013-02-04,2915
2013-02-05,2805
2013-02-06,2925
2013-02-07,2950
2013-02-08,2975
2013-02-12,3095
2013-02-13,3150
2013-02-14,3125
2013-02-15,2925
2013-02-18,2950
2013-02-19,2910
2013-02-20,2760
2013-02-21,2670
2013-02-22,2780
2013-02-25,2740
2013-02-26,2740
2013-02-27,2810
2013-02-28,2930
2013-03-04,2930
2013-03-05,3050
2013-03-06,3085
2013-03-07,2970
2013-03-08,2935
2013-03-11,2985
2013-03-12,3055
2013-03-13,3020
2013-03-14,3235
2013-03-15,3220
2013-03-18,3120
2013-03-19,3220
2013-03-20,3180
2013-03-21,3185
2013-03-22,3265
2013-03-25,3330
2013-03-26,3195
2013-03-27,3175
2013-03-28,3185
2013-03-29,3230
2013-04-01,3045
2013-04-02,2975
2013-04-03,2995
2013-04-04,2970
2013-04-05,2875
2013-04-08,2815
2013-04-09,2730
2013-04-10,2775
2013-04-11,2880
2013-04-12,2825
2013-04-15,2800
2013-04-16,2700
2013-04-17,2610
2013-04-18,2460
2013-04-19,2330
2013-04-22,2350
2013-04-23,2360
2013-04-24,2490
2013-04-25,2440
2013-04-26,2515
2013-04-29,2610
2013-04-30,2590
2013-05-02,2600
2013-05-03,2560
2013-05-06,2515
2013-05-07,2515
2013-05-08,2485
2013-05-09,2520
2013-05-10,2535
2013-05-13,2460
2013-05-14,2465
2013-05-15,2490
2013-05-16,2555
2013-05-20,2575
2013-05-21,2540
2013-05-22,2565
2013-05-23,2510
2013-05-24,2500
2013-05-27,2420
2013-05-28,2480
2013-05-29,2470
2013-05-30,2490
2013-05-31,2445
2013-06-03,2410
2013-06-04,2410
2013-06-05,2335
2013-06-07,2225
2013-06-10,2225
2013-06-11,2195
2013-06-12,2080
2013-06-13,1995
2013-06-14,2000
2013-06-17,1965
2013-06-18,1950
2013-06-19,2000
2013-06-20,2040
2013-06-21,2055
2013-06-24,2010
2013-06-25,1825
2013-06-26,1910
2013-06-27,1970
2013-06-28,2035
2013-07-01,2055
2013-07-02,2065
2013-07-03,2055
2013-07-04,1995
2013-07-05,1980
2013-07-08,2000
2013-07-09,1975
2013-07-10,1980
2013-07-11,2000
2013-07-12,2020
2013-07-15,1990
2013-07-16,1990
2013-07-17,2005
2013-07-18,1980
2013-07-19,1970
2013-07-22,1955
2013-07-23,2025
2013-07-24,2005
2013-07-25,2065
2013-07-26,2070
2013-07-29,2095
2013-07-30,2100
2013-07-31,2105
2013-08-01,2075
2013-08-02,2100
2013-08-05,2125
2013-08-06,2175
2013-08-07,2280
2013-08-08,2255
2013-08-09,2250
2013-08-12,2205
2013-08-13,2145
2013-08-14,2300
2013-08-16,2305
2013-08-19,2270
2013-08-20,2210
2013-08-21,2145
2013-08-22,2035
2013-08-23,2035
2013-08-26,2050
2013-08-27,2015
2013-08-28,1965
2013-08-29,2035
2013-08-30,1730
2013-09-02,1730
2013-09-03,1710
2013-09-04,1740
2013-09-05,1785
2013-09-06,1740
2013-09-09,1735
2013-09-10,1675
2013-09-11,1720
2013-09-12,1710
2013-09-13,1670
2013-09-16,1680
2013-09-17,1690
2013-09-23,1680
2013-09-24,1660
2013-09-25,1660
2013-09-26,1650
2013-09-27,1665
2013-09-30,1650
2013-10-01,1605
2013-10-02,1610
2013-10-04,1540
2013-10-07,1490
2013-10-08,1450
2013-10-10,1460
2013-10-11,1575
2013-10-14,1540
2013-10-15,1565
2013-10-16,1555
2013-10-17,1540
2013-10-18,1560
2013-10-21,1615
2013-10-22,1685
2013-10-23,1635
2013-10-24,1635
2013-10-25,1630
2013-10-28,1565
2013-10-29,1575
2013-10-30,1570
2013-10-31,1545
2013-11-01,1550
2013-11-04,1605
2013-11-05,1575
2013-11-06,1575
2013-11-07,1555
2013-11-08,1530
2013-11-11,1525
2013-11-12,1520
2013-11-13,1480
2013-11-14,1500
2013-11-15,1500
2013-11-18,1505
2013-11-19,1520
2013-11-20,1505
2013-11-21,1455
2013-11-22,1455
2013-11-25,1455
2013-11-26,1450
2013-11-27,1455
2013-11-28,1475
2013-11-29,1695
2013-12-02,1740
2013-12-03,1705
2013-12-04,1645
2013-12-05,1675
2013-12-06,1715
2013-12-09,1620
2013-12-10,1520
2013-12-11,1515
2013-12-12,1515
2013-12-13,1595
2013-12-16,1505
2013-12-17,1520
2013-12-18,1465
2013-12-19,1465
2013-12-20,1460
2013-12-23,1450
2013-12-24,1470
2013-12-26,1470
2013-12-27,1460
2013-12-30,1475
2014-01-02,1450
2014-01-03,1490
2014-01-06,1515
2014-01-07,1550
2014-01-08,1505
2014-01-09,1505
2014-01-10,1515
2014-01-13,1525
2014-01-14,1510
2014-01-15,1515
2014-01-16,1570
2014-01-17,1620
2014-01-20,1600
2014-01-21,1610
2014-01-22,1635
2014-01-23,1610
2014-01-24,1555
2014-01-27,1510
2014-01-28,1555
2014-01-29,1570
2014-02-03,1570
2014-02-04,1535
2014-02-05,1510
2014-02-06,1490
2014-02-07,1525
2014-02-10,1505
2014-02-11,1505
2014-02-12,1500
2014-02-13,1500
2014-02-14,1500
2014-02-17,1490
2014-02-18,1490
2014-02-19,1470
2014-02-20,1485
2014-02-21,1485
2014-02-24,1485
2014-02-25,1495
2014-02-26,1475
2014-02-27,1470
2014-02-28,1490
2014-03-03,1490
2014-03-04,1480
2014-03-05,1485
2014-03-06,1490
2014-03-07,1540
2014-03-10,1545
2014-03-11,1775
2014-03-12,1665
2014-03-13,1815
2014-03-14,1895
2014-03-17,1900
2014-03-18,2185
2014-03-19,1945
2014-03-20,1840
2014-03-21,1835
2014-03-24,1775
2014-03-25,1755
2014-03-26,1770
2014-03-27,1795
2014-03-28,1810
2014-03-31,1705
2014-04-01,1785
2014-04-02,1845
2014-04-03,1775
2014-04-04,1795
2014-04-07,1920
2014-04-08,1800
2014-04-09,1920
2014-04-10,2015
2014-04-11,1910
2014-04-14,1950
2014-04-15,1920
2014-04-16,1885
2014-04-17,1880
2014-04-18,1880
2014-04-21,1820
2014-04-22,1810
2014-04-23,1760
2014-04-24,1735
2014-04-25,1715
2014-04-28,1780
2014-04-29,1730
2014-04-30,1750
2014-05-02,1750
2014-05-07,1680
2014-05-08,1690
2014-05-09,1715
2014-05-12,1785
2014-05-13,1805
2014-05-14,1785
2014-05-15,1785
2014-05-16,1890
2014-05-19,2055
2014-05-20,2045
2014-05-21,1965
2014-05-22,2030
2014-05-23,1990
2014-05-26,1995
2014-05-27,1985
2014-05-28,2070
2014-05-29,2250
2014-05-30,2495
2014-06-02,2865
2014-06-03,3290
2014-06-05,3780
2014-06-09,3780
2014-06-10,4345
2014-06-11,4500
2014-06-12,4430
2014-06-13,4625
2014-06-16,4200
2014-06-17,3905
2014-06-18,3780
2014-06-19,3795
2014-06-20,3890
2014-06-23,3700
2014-06-24,3465
2014-06-25,3980
2014-06-26,4575
2014-06-27,4880
2014-06-30,4500
2014-07-01,5170
2014-07-02,5640
2014-07-03,5940
2014-07-04,6060
2014-07-07,6000
2014-07-08,6900
2014-07-09,7930
2014-07-10,8380
2014-07-11,8450
2014-07-14,8460
2014-07-15,8300
2014-07-16,7990
2014-07-17,8320
2014-07-18,8450
2014-07-21,8410
2014-07-22,8330
2014-07-23,8340
2014-07-24,8450
2014-07-25,8650
2014-07-28,8100
2014-07-29,8300
2014-07-30,8310
2014-07-31,7540
2014-08-01,7500
2014-08-04,8230
2014-08-05,8110
2014-08-06,7920
2014-08-07,7700
2014-08-08,7270
2014-08-11,7320
2014-08-12,7860
2014-08-13,7400
2014-08-14,7340
2014-08-18,6520
2014-08-19,6620
2014-08-20,6200
2014-08-21,6430
2014-08-22,6410
2014-08-25,5810
2014-08-26,5800
2014-08-27,5650
2014-08-28,5550
2014-08-29,6380
2014-09-01,6510
2014-09-02,6050
2014-09-03,5840
2014-09-04,5500
2014-09-05,5510
2014-09-11,5480
2014-09-12,5490
2014-09-15,5090
2014-09-16,5190
2014-09-17,5460
2014-09-18,5250
2014-09-19,5370
2014-09-22,6170
2014-09-23,5720
2014-09-24,5900
2014-09-25,5530
2014-09-26,5530
2014-09-29,5730
2014-09-30,5970
2014-10-01,5710
2014-10-02,6020
2014-10-06,6050
2014-10-07,6130
2014-10-08,6090
2014-10-10,6220
2014-10-13,5500
2014-10-14,5480
2014-10-15,5250
2014-10-16,5300
2014-10-17,5180
2014-10-20,5060
2014-10-21,5060
2014-10-22,5030
2014-10-23,4940
2014-10-24,4745
2014-10-27,4700
2014-10-28,4710
2014-10-29,4850
2014-10-30,4655
2014-10-31,4620
2014-11-03,4440
2014-11-04,4260
2014-11-05,4410
2014-11-06,4180
2014-11-07,4670
2014-11-10,4520
2014-11-11,4630
2014-11-12,4935
2014-11-13,4960
2014-11-14,5380
2014-11-17,5360
2014-11-18,5360
2014-11-19,5160
2014-11-20,5300
2014-11-21,5000
2014-11-24,4840
2014-11-25,4825
2014-11-26,4755
2014-11-27,4685
2014-11-28,4570
2014-12-01,4500
2014-12-02,4555
2014-12-03,4625
2014-12-04,4560
2014-12-05,4580
2014-12-08,4675
2014-12-09,5240
2014-12-10,5440
2014-12-11,5370
2014-12-12,5180
2014-12-15,5350
2014-12-16,5430
2014-12-17,5320
2014-12-18,5110
2014-12-19,5600
2014-12-22,6440
2014-12-23,6210
2014-12-24,6340
2014-12-26,6600
2014-12-29,6330
2014-12-30,6370
2015-01-02,6420
2015-01-05,6540
2015-01-06,6700
2015-01-07,6410
2015-01-08,6290
2015-01-09,6360
2015-01-12,6150
2015-01-13,5880
2015-01-14,5850
2015-01-15,5720
2015-01-16,5810
2015-01-19,5580
2015-01-20,5790
2015-01-21,5610
2015-01-22,5530
2015-01-23,5450
2015-01-26,5380
2015-01-27,5680
2015-01-28,5610
2015-01-29,5460
2015-01-30,5680
2015-02-02,5880
2015-02-03,5870
2015-02-04,6080
2015-02-05,6290
2015-02-06,6260
2015-02-09,6480
2015-02-10,6810
2015-02-11,6900
2015-02-12,6700
2015-02-13,7300
2015-02-16,7290
2015-02-17,6920
2015-02-23,6710
2015-02-24,6790
2015-02-25,6490
2015-02-26,6360
2015-02-27,6480
2015-03-02,6280
2015-03-03,6140
2015-03-04,6490
2015-03-05,6490
2015-03-06,6410
2015-03-09,6690
2015-03-10,6750
2015-03-11,6640
2015-03-12,6510
2015-03-13,6480
2015-03-16,6400
2015-03-17,6390
2015-03-18,6350
2015-03-19,6290
2015-03-20,6490
2015-03-23,6520
2015-03-24,6390
2015-03-25,6240
2015-03-26,6180
2015-03-27,6000
2015-03-30,6030
2015-03-31,5970
2015-04-01,5780
2015-04-02,6400
2015-04-03,6330
2015-04-06,6330
2015-04-07,6690
2015-04-08,6880
2015-04-09,7910
2015-04-10,7800
2015-04-13,7790
2015-04-14,7320
2015-04-15,7300
2015-04-16,7490
2015-04-17,7480
2015-04-20,7310
2015-04-21,7280
2015-04-22,6900
2015-04-23,6680
2015-04-24,6920
2015-04-27,7090
2015-04-28,6810
2015-04-29,6920
2015-04-30,6690
2015-05-04,6670
2015-05-06,6670
2015-05-07,6500
2015-05-08,6690
2015-05-11,6760
2015-05-12,6690
2015-05-13,6750
2015-05-14,6690
2015-05-15,7070
2015-05-18,6500
2015-05-19,6400
2015-05-20,6150
2015-05-21,6130
2015-05-22,6130
2015-05-26,6370
2015-05-27,6190
2015-05-28,6400
2015-05-29,6400
2015-06-01,6300
2015-06-02,5980
2015-06-03,6000
2015-06-04,5950
2015-06-05,5780
2015-06-08,5760
2015-06-09,5900
2015-06-10,5720
2015-06-11,5870
2015-06-12,5780
2015-06-15,5470
2015-06-16,5400
2015-06-17,5400
2015-06-18,5400
2015-06-19,5440
2015-06-22,5450
2015-06-23,5500
2015-06-24,5470
2015-06-25,6180
2015-06-26,6000
2015-06-29,5680
2015-06-30,5590
2015-07-01,5780
2015-07-02,5680
2015-07-03,5700
2015-07-06,5510
2015-07-07,5430
2015-07-08,5550
2015-07-09,5580
2015-07-10,5590
2015-07-13,5810
2015-07-14,5940
2015-07-15,7000
2015-07-16,6920
2015-07-17,6650
2015-07-20,6930
2015-07-21,6980
2015-07-22,7030
2015-07-23,7270
2015-07-24,7270
2015-07-27,7540
2015-07-28,7440
2015-07-29,9000
2015-07-30,9350
2015-07-31,9310
2015-08-03,9630
2015-08-04,9340
2015-08-05,8900
2015-08-06,9070
2015-08-07,8600
2015-08-10,8380
2015-08-11,8280
2015-08-12,7690
2015-08-13,7920
2015-08-17,7100
2015-08-18,6900
2015-08-19,6680
2015-08-20,6480
2015-08-21,5950
2015-08-24,5890
2015-08-25,6100
2015-08-26,6410
2015-08-27,6290
2015-08-28,6100
2015-08-31,6090
2015-09-01,5980
2015-09-02,5880
2015-09-03,5960
2015-09-04,5670
2015-09-07,5730
2015-09-08,5650
2015-09-09,5940
2015-09-10,6030
2015-09-11,5910
2015-09-14,5860
2015-09-15,6060
2015-09-16,6060
2015-09-17,5970
2015-09-18,6170
2015-09-21,6080
2015-09-22,6080
2015-09-23,6010
2015-09-24,6000
2015-09-25,6330
2015-09-30,6540
2015-10-01,6490
2015-10-02,6340
2015-10-05,6340
2015-10-06,6160
2015-10-07,6660
2015-10-08,6530
2015-10-12,6700
2015-10-13,6870
2015-10-14,7090
2015-10-15,7020
2015-10-16,6860
2015-10-19,6740
2015-10-20,6970
2015-10-21,6810
2015-10-22,6840
2015-10-23,6920
2015-10-26,6840
2015-10-27,6840
2015-10-28,6670
2015-10-29,6650
2015-10-30,6360
2015-11-02,6360
2015-11-03,6300
2015-11-04,6230
2015-11-05,6370
2015-11-06,6280
2015-11-09,5960
2015-11-10,5750
2015-11-11,5840
2015-11-12,5900
2015-11-13,5780
2015-11-16,5760
2015-11-17,5710
2015-11-18,5500
2015-11-19,5670
2015-11-20,5720
2015-11-23,5820
2015-11-24,5790
2015-11-25,5810
2015-11-26,5770
2015-11-27,5670
2015-11-30,5560
2015-12-01,5600
2015-12-02,5610
2015-12-03,5600
2015-12-04,5640
2015-12-07,5690
2015-12-08,5460
2015-12-09,5330
2015-12-10,5090
2015-12-11,5170
2015-12-14,4890
2015-12-15,5070
2015-12-16,5170
2015-12-17,5210
2015-12-18,5400
2015-12-21,5420
2015-12-22,5330
2015-12-23,5340
2015-12-24,5370
2015-12-28,5430
2015-12-29,5350
2015-12-30,5400
2016-01-04,5240
2016-01-05,5200
2016-01-06,5170
2016-01-07,5040
2016-01-08,5040
2016-01-11,4995
2016-01-12,5000
2016-01-13,4950
2016-01-14,4765
2016-01-15,4630
2016-01-18,4670
2016-01-19,4815
2016-01-20,4770
2016-01-21,4670
2016-01-22,4510
2016-01-25,4530
2016-01-26,4500
2016-01-27,4500
2016-01-28,4460
2016-01-29,4355
2016-02-01,4400
2016-02-02,4345
2016-02-03,4350
2016-02-04,4340
2016-02-05,4320
2016-02-11,3970
2016-02-12,3630
2016-02-15,3855
2016-02-16,4025
2016-02-17,3980
2016-02-18,4160
2016-02-19,4270
2016-02-22,4285
2016-02-23,4210
2016-02-24,4180
2016-02-25,4145
2016-02-26,4140
2016-02-29,4145
2016-03-02,4245
2016-03-03,4405
2016-03-04,4400
2016-03-07,4410
2016-03-08,4440
2016-03-09,4420
2016-03-10,4545
2016-03-11,4390
2016-03-14,4375
2016-03-15,4390
2016-03-16,4380
2016-03-17,4435
2016-03-18,4395
2016-03-21,4345
2016-03-22,4390
2016-03-23,4300
2016-03-24,4250
2016-03-25,4255
2016-03-28,4180
2016-03-29,4205
2016-03-30,4210
2016-03-31,4235
2016-04-01,4190
2016-04-04,4140
2016-04-05,4085
2016-04-06,4030
2016-04-07,4030
2016-04-08,4010
2016-04-11,4045
2016-04-12,4050
2016-04-14,4065
2016-04-15,4490
2016-04-18,4485
2016-04-19,4430
2016-04-20,4385
2016-04-21,4340
2016-04-22,4360
2016-04-25,4315
2016-04-26,4290
2016-04-27,4415
2016-04-28,4465
2016-04-29,4385
2016-05-02,4345
2016-05-03,4795
2016-05-04,4695
2016-05-09,4660
2016-05-10,4970
2016-05-11,4870
2016-05-12,4805
2016-05-13,4730
2016-05-16,4620
2016-05-17,4525
2016-05-18,4415
2016-05-19,4440
2016-05-20,4705
2016-05-23,4725
2016-05-24,4760
2016-05-25,4835
2016-05-26,4875
2016-05-27,4855
2016-05-30,4730
2016-05-31,4805
2016-06-01,4840
2016-06-02,4820
2016-06-03,4760
2016-06-07,4760
2016-06-08,4715
2016-06-09,4650
2016-06-10,4575
2016-06-13,4695
2016-06-14,4625
2016-06-15,4580
2016-06-16,4470
2016-06-17,4500
2016-06-20,4505
2016-06-21,4575
2016-06-22,4750
2016-06-23,4790
2016-06-24,4340
2016-06-27,4300
2016-06-28,4305
2016-06-29,4410
2016-06-30,4420
2016-07-01,4690
2016-07-04,4610
2016-07-05,4610
2016-07-06,4470
2016-07-07,4470
2016-07-08,4415
2016-07-11,4480
2016-07-12,4470
2016-07-13,4630
2016-07-14,4630
2016-07-15,4780
2016-07-18,4780
2016-07-19,4710
2016-07-20,4750
2016-07-21,4700
2016-07-22,4675
2016-07-25,4565
2016-07-26,4575
2016-07-27,4710
2016-07-28,4615
2016-07-29,4560
2016-08-01,4630
2016-08-02,4660
2016-08-03,4610
2016-08-04,4620
2016-08-05,4620
2016-08-08,4525
2016-08-09,4400
2016-08-10,4485
2016-08-11,4485
2016-08-12,4475
2016-08-16,4450
2016-08-17,4370
2016-08-18,4320
2016-08-19,4300
2016-08-22,4265
2016-08-23,4195
2016-08-24,4225
2016-08-25,4190
2016-08-26,4115
2016-08-29,3940
2016-08-30,4085
2016-08-31,4130
2016-09-01,4280
2016-09-02,4280
2016-09-05,4285
2016-09-06,4185
2016-09-07,4120
2016-09-08,3945
2016-09-09,3995
2016-09-12,3895
2016-09-13,3905
2016-09-19,3900
2016-09-20,3915
2016-09-21,3935
2016-09-22,4030
2016-09-23,4065
2016-09-26,3940
2016-09-27,3915
2016-09-28,3935
2016-09-29,3925
2016-09-30,3790
2016-10-04,3825
2016-10-05,3840
2016-10-06,3805
2016-10-07,3745
2016-10-10,3725
2016-10-11,3700
2016-10-12,3795
2016-10-13,3750
2016-10-14,4025
2016-10-17,4060
2016-10-18,3930
2016-10-19,3930
2016-10-20,3870
2016-10-21,3755
2016-10-24,3665
2016-10-25,3610
2016-10-26,3545
2016-10-27,3605
2016-10-28,3605
2016-10-31,3480
2016-11-01,3450
2016-11-02,3290
2016-11-03,3355
2016-11-04,3325
2016-11-07,3415
2016-11-08,3440
2016-11-09,3195
2016-11-10,3350
2016-11-11,3380
2016-11-14,3420
2016-11-15,3485
2016-11-16,3535
2016-11-17,3555
2016-11-18,3425
2016-11-21,3425
2016-11-22,3395
2016-11-23,3305
2016-11-24,3220
2016-11-25,3230
2016-11-28,3230
2016-11-29,3215
2016-11-30,3190
2016-12-01,3165
2016-12-02,3245
2016-12-05,3155
2016-12-06,3155
2016-12-07,3155
2016-12-08,3210
2016-12-09,3335
2016-12-12,3380
2016-12-13,3340
2016-12-14,3400
2016-12-15,3480
2016-12-16,3445
2016-12-19,3450
2016-12-20,3440
2016-12-21,3415
2016-12-22,3340
2016-12-23,3365
2016-12-26,3350
2016-12-27,4140
2016-12-28,5310
2016-12-29,5400
2017-01-02,5400
2017-01-03,5480
2017-01-04,5290
2017-01-05,5250
2017-01-06,5490
2017-01-09,5510
2017-01-10,5430
2017-01-11,5250
2017-01-12,4815
2017-01-13,4670
2017-01-16,5090
2017-01-17,5270
2017-01-18,5070
2017-01-19,4520
2017-01-20,4320
2017-01-23,4145
2017-01-24,4175
2017-01-25,4085
2017-01-26,4180
2017-01-31,4010
2017-02-01,4075
2017-02-02,3330
2017-02-03,3300
2017-02-06,3370
2017-02-07,3305
2017-02-08,3315
2017-02-09,3400
2017-02-10,3300
2017-02-13,3360
2017-02-14,3380
2017-02-15,3440
2017-02-16,3395
2017-02-17,3370
2017-02-20,3340
2017-02-21,3360
2017-02-22,3385
2017-02-23,3400
2017-02-24,3360
2017-02-27,3285
2017-02-28,3330
2017-03-02,3320
2017-03-03,3240
2017-03-06,3260
2017-03-07,3230
2017-03-08,3260
2017-03-09,3250
2017-03-10,3335
2017-03-13,3370
2017-03-14,3335
2017-03-15,3395
2017-03-16,3385
2017-03-17,4400
2017-03-20,4400
2017-03-21,4660
2017-03-22,4810
2017-03-23,4410
2017-03-24,4310
2017-03-27,5340
2017-03-28,5240
2017-03-29,5340
2017-03-30,5100
2017-03-31,5800
2017-04-03,5830
2017-04-04,5600
2017-04-05,5800
2017-04-06,5670
2017-04-07,5450
2017-04-10,5200
2017-04-11,5120
2017-04-12,5100
2017-04-13,5030
2017-04-14,4735
2017-04-17,4800
2017-04-18,5100
2017-04-19,5200
2017-04-20,5330
2017-04-21,5210
2017-04-24,4875
2017-04-25,5180
2017-04-26,5750
2017-04-27,5530
2017-04-28,5950
2017-05-02,5720
2017-05-04,5620
2017-05-08,5610
2017-05-10,5390
2017-05-11,5730
2017-05-12,5700
2017-05-15,5920
2017-05-16,5880
2017-05-17,5830
2017-05-18,5640
2017-05-19,6120
2017-05-22,5890
2017-05-23,5640
2017-05-24,5410
2017-05-25,5180
2017-05-26,5180
2017-05-29,5270
2017-05-30,5200
2017-05-31,5000
2017-06-01,4900
2017-06-02,4810
2017-06-05,4800
2017-06-07,4855
2017-06-08,4960
2017-06-09,4840
2017-06-12,4925
2017-06-13,4800
2017-06-14,4895
2017-06-15,4805
2017-06-16,4695
2017-06-19,4655
2017-06-20,4475
2017-06-21,4320
2017-06-22,5520
2017-06-23,5110
2017-06-26,5050
2017-06-27,5270
2017-06-28,5100
2017-06-29,5160
2017-06-30,5180
2017-07-03,5290
2017-07-04,5080
2017-07-05,5400
2017-07-06,5320
2017-07-07,5250
2017-07-10,5100
2017-07-11,5140
2017-07-12,5200
2017-07-13,5290
2017-07-14,5420
2017-07-17,5420
2017-07-18,7040
2017-07-19,8140
2017-07-20,7990
2017-07-21,8010
2017-07-24,7450
2017-07-25,7430
2017-07-26,7430
2017-07-27,6650
2017-07-28,6550
2017-07-31,6480
2017-08-01,6560
2017-08-02,6760
2017-08-03,6730
2017-08-04,6320
2017-08-07,6330
2017-08-08,6150
2017-08-09,6510
2017-08-10,6320
2017-08-11,6050
2017-08-14,6060
2017-08-16,6350
2017-08-17,6470
2017-08-18,6450
2017-08-21,6440
2017-08-22,6730
2017-08-23,6960
2017-08-24,7030
2017-08-25,7230
2017-08-28,7020
2017-08-29,7110
2017-08-30,6810
2017-08-31,6780
2017-09-01,6660
2017-09-04,6390
2017-09-05,6420
2017-09-06,6710
2017-09-07,6940
2017-09-08,6730
2017-09-11,6780
2017-09-12,6890
2017-09-13,6880
2017-09-14,6850
2017-09-15,6700
2017-09-18,6530
2017-09-19,6530
2017-09-20,6420
2017-09-21,6360
2017-09-22,6250
2017-09-25,6050
2017-09-26,5950
2017-09-27,5920
2017-09-28,5900
2017-09-29,5910
2017-10-10,5910
2017-10-11,6000
2017-10-12,5980
2017-10-13,5700
2017-10-16,5570
2017-10-17,5540
2017-10-18,5330
2017-10-19,5500
2017-10-20,5540
2017-10-23,5570
2017-10-24,5630
2017-10-25,5640
2017-10-26,5480
2017-10-27,5620
2017-10-30,5890
2017-10-31,5930
2017-11-01,5820
2017-11-02,5920
2017-11-03,5980
2017-11-06,5760
2017-11-07,5800
2017-11-08,5790
2017-11-09,5710
2017-11-10,5880
2017-11-13,6060
2017-11-14,6140
2017-11-15,5890
2017-11-16,5790
2017-11-17,5760
2017-11-20,5700
2017-11-21,6140
2017-11-22,6380
2017-11-23,6390
2017-11-24,6350
2017-11-27,6090
2017-11-28,6180
2017-11-29,5990
2017-11-30,6120
2017-12-01,6450
2017-12-04,6430
2017-12-05,6310
2017-12-06,6290
2017-12-07,6150
2017-12-08,5920
2017-12-11,5880
2017-12-12,5870
2017-12-13,6000
2017-12-14,5900
2017-12-15,5800
2017-12-18,5970
2017-12-19,6140
2017-12-20,5950
2017-12-21,5780
2017-12-22,5660
2017-12-26,5580
2017-12-27,5600
2017-12-28,5580
2018-01-02,5550
2018-01-03,5730
2018-01-04,5780
2018-01-05,5750
2018-01-08,5590
2018-01-09,5890
2018-01-10,5980
2018-01-11,5950
2018-01-12,5740
2018-01-15,5690
2018-01-16,5770
2018-01-17,5680
2018-01-18,5870
2018-01-19,5870
2018-01-22,5820
2018-01-23,5850
2018-01-24,6110
2018-01-25,6210
2018-01-26,6140
2018-01-29,6500
2018-01-30,6650
2018-01-31,8640
2018-02-01,8770
2018-02-02,8900
2018-02-05,8610
2018-02-06,8200
2018-02-07,7980
2018-02-08,8490
2018-02-09,7820
2018-02-12,7810
2018-02-13,7410
2018-02-14,7580
2018-02-19,7650
2018-02-20,7700
2018-02-21,7710
2018-02-22,9600
2018-02-23,9250
2018-02-26,8380
2018-02-27,8380
2018-02-28,7770
2018-03-02,7820
2018-03-05,7820
2018-03-06,7910
2018-03-07,7540
2018-03-08,7540
2018-03-09,7850
2018-03-12,7770
2018-03-13,8200
2018-03-14,8350
2018-03-15,8280
2018-03-16,8160
2018-03-19,8210
2018-03-20,8180
2018-03-21,8350
2018-03-22,8350
2018-03-23,7640
2018-03-26,7860
2018-03-27,7770
2018-03-28,7600
2018-03-29,7650
2018-03-30,7830
2018-04-02,8150
2018-04-03,8170
2018-04-04,7770
2018-04-05,7790
2018-04-06,7830
2018-04-09,7720
2018-04-10,7900
2018-04-11,7960
2018-04-12,7990
2018-04-13,8420
2018-04-16,8540
2018-04-17,8980
2018-04-18,8680
2018-04-19,8260
2018-04-20,8300
2018-04-23,7960
2018-04-24,7900
2018-04-25,7930
2018-04-26,7940
2018-04-27,7930
2018-04-30,7650
2018-05-02,7490
2018-05-03,7570
2018-05-04,7290
2018-05-08,6760
2018-05-09,6960
2018-05-10,6970
2018-05-11,7040
2018-05-14,7010
2018-05-15,7040
2018-05-16,6900
2018-05-17,7400
2018-05-18,7620
2018-05-21,7580
2018-05-23,7950
2018-05-24,8500
2018-05-25,8750
2018-05-28,8560
2018-05-29,9610
2018-05-30,10350
2018-05-31,9780
2018-06-01,10500
2018-06-04,10600
2018-06-05,9440
2018-06-07,9650
2018-06-08,9210
2018-06-11,9460
2018-06-12,9370
2018-06-14,10150
2018-06-15,9700
2018-06-18,9260
2018-06-19,8730
2018-06-20,8860
2018-06-21,8310
2018-06-22,8430
2018-06-25,8470
2018-06-26,8640
2018-06-27,8210
2018-06-28,7920
2018-06-29,8250
2018-07-02,7900
2018-07-03,7730
2018-07-04,7810
2018-07-05,7810
2018-07-06,7880
2018-07-09,7750
2018-07-10,8000
2018-07-11,7990
2018-07-12,8170
2018-07-13,8720
2018-07-16,8820
2018-07-17,8960
2018-07-18,8800
2018-07-19,8780
2018-07-20,8660
2018-07-23,8630
2018-07-24,8840
2018-07-25,8600
2018-07-26,9470
2018-07-27,9070
2018-07-30,9110
2018-07-31,9440
2018-08-01,9260
2018-08-02,8970
2018-08-03,8880
2018-08-06,8760
2018-08-07,8760
2018-08-08,8720
2018-08-09,9100
2018-08-10,8820
2018-08-13,8430
2018-08-14,8660
2018-08-16,8630
2018-08-17,8800
2018-08-20,9300
2018-08-21,9210
2018-08-22,9280
2018-08-23,9300
2018-08-24,9530
2018-08-27,9150
2018-08-28,9050
2018-08-29,9290
2018-08-30,9170
2018-08-31,9260
2018-09-03,9170
2018-09-04,9390
2018-09-05,9080
2018-09-06,8880
2018-09-07,8740
2018-09-10,8690
2018-09-11,8700
2018-09-12,8790
2018-09-13,8730
2018-09-14,8790
2018-09-17,8570
2018-09-18,8640
2018-09-19,8470
2018-09-20,8260
2018-09-21,8260
2018-09-27,8560
2018-09-28,8540
2018-10-01,8460
2018-10-02,8150
2018-10-04,8100
2018-10-05,8050
2018-10-08,8080
2018-10-10,7800
2018-10-11,7270
2018-10-12,7840
2018-10-15,7600
2018-10-16,7850
2018-10-17,7760
2018-10-18,7700
2018-10-19,7840
2018-10-22,7800
2018-10-23,7680
2018-10-24,7620
2018-10-25,7560
2018-10-26,7220
2018-10-29,7140
2018-10-30,7310
2018-10-31,7380
2018-11-01,7370
2018-11-02,7600
2018-11-05,7580
2018-11-06,7540
2018-11-07,7360
2018-11-08,7440
2018-11-09,7850
2018-11-12,7700
2018-11-13,7400
2018-11-14,7180
2018-11-15,7000
2018-11-16,7150
2018-11-19,7040
2018-11-20,6930
2018-11-21,6950
2018-11-22,6970
2018-11-23,6790
2018-11-26,6800
2018-11-27,6870
2018-11-28,7010
2018-11-29,7120
2018-11-30,7090
2018-12-03,7270
2018-12-04,7300
2018-12-05,7180
2018-12-06,7160
2018-12-07,7170
2018-12-10,7010
2018-12-11,7060
2018-12-12,7440
2018-12-13,7450
2018-12-14,7280
2018-12-17,7170
2018-12-18,6890
2018-12-19,6880
2018-12-20,6600
2018-12-21,6630
2018-12-24,6820
2018-12-26,6880
2018-12-27,6930
2018-12-28,6760
2019-01-02,6700
2019-01-03,6380
2019-01-04,6280
2019-01-07,6490
2019-01-08,6380
2019-01-09,6600
2019-01-10,6770
2019-01-11,6660
2019-01-14,6810
2019-01-15,6900
2019-01-16,6910
2019-01-17,6860
2019-01-18,6920
2019-01-21,6970
2019-01-22,6910
2019-01-23,6950
2019-01-24,7160
2019-01-25,7280
2019-01-28,7140
2019-01-29,7010
2019-01-30,7090
2019-01-31,6890
2019-02-01,7000
2019-02-07,8010
2019-02-08,7740
2019-02-11,8360
2019-02-12,9160
2019-02-13,9200
2019-02-14,9160
2019-02-15,9350
2019-02-18,9210
2019-02-19,8940
2019-02-20,8900
2019-02-21,9010
2019-02-22,9390
2019-02-25,9940
2019-02-26,9700
2019-02-27,9650
2019-02-28,9200
2019-03-04,9690
2019-03-05,9720
2019-03-06,9880
2019-03-07,9550
2019-03-08,9030
2019-03-11,9050
2019-03-12,9460
2019-03-13,9470
2019-03-14,9280
2019-03-15,8800
2019-03-18,8740
2019-03-19,8950
2019-03-20,9630
2019-03-21,9260
2019-03-22,9210
2019-03-25,8850
2019-03-26,9140
2019-03-27,8950
2019-03-28,8950
2019-03-29,9150
2019-04-01,9100
2019-04-02,9800
2019-04-03,9860
2019-04-04,10700
2019-04-05,10750
2019-04-08,10600
2019-04-09,10250
2019-04-10,10200
2019-04-11,10500
2019-04-12,10150
2019-04-15,9960
2019-04-16,9600
2019-04-17,9160
2019-04-18,9020
2019-04-19,8910
2019-04-22,8780
2019-04-23,8830
2019-04-24,8480
2019-04-25,8570
2019-04-26,8360
2019-04-29,8600
2019-04-30,8470
2019-05-02,8390
2019-05-03,8470
2019-05-07,8250
2019-05-08,8360
2019-05-09,8090
2019-05-10,8060
2019-05-13,7770
2019-05-14,7760
2019-05-15,7950
2019-05-16,7630
2019-05-17,7350
2019-05-20,7360
2019-05-21,7430
2019-05-22,7370
2019-05-23,7200
2019-05-24,7090
2019-05-27,7220
2019-05-28,7400
2019-05-29,7190
2019-05-30,7170
2019-05-31,7270
2019-06-03,7430
2019-06-04,7370
2019-06-05,7260
2019-06-07,7360
2019-06-10,7760
2019-06-11,7790
2019-06-12,7650
2019-06-13,7440
2019-06-14,7460
2019-06-17,7500
2019-06-18,7490
2019-06-19,7480
2019-06-20,7590
2019-06-21,7510
2019-06-24,7410
2019-06-25,7370
2019-06-26,7340
2019-06-27,7340
2019-06-28,7380
2019-07-01,7480
2019-07-02,7320
2019-07-03,7080
2019-07-04,6890
2019-07-05,6860
2019-07-08,6570
2019-07-09,6520
2019-07-10,6640
2019-07-11,6730
2019-07-12,6780
2019-07-15,6780
2019-07-16,6790
2019-07-17,6680
2019-07-18,6600
2019-07-19,6870
2019-07-22,7030
2019-07-23,6810
2019-07-24,6730
2019-07-25,6810
2019-07-26,6780
2019-07-29,6430
2019-07-30,6310
2019-07-31,6130
2019-08-01,5950
2019-08-02,5850
2019-08-05,5100
2019-08-06,5430
2019-08-07,5650
2019-08-08,5730
2019-08-09,5450
2019-08-12,5380
2019-08-13,5200
2019-08-14,5270
2019-08-16,5040
2019-08-19,5230
2019-08-20,5340
2019-08-21,5600
2019-08-22,5450
2019-08-23,5490
2019-08-26,5070
2019-08-27,5140
2019-08-28,5380
2019-08-29,5370
2019-08-30,5570
2019-09-02,5690
2019-09-03,5590
2019-09-04,5700
2019-09-05,5720
2019-09-06,5640
2019-09-09,5560
2019-09-10,5510
2019-09-11,5510
2019-09-16,5790
2019-09-17,5770
2019-09-18,5750
2019-09-19,5780
2019-09-20,5790
2019-09-23,5690
2019-09-24,6080
2019-09-25,5880
2019-09-26,5910
2019-09-27,5870
2019-09-30,5740
2019-10-01,5720
2019-10-02,5570
2019-10-04,5590
2019-10-07,5500
2019-10-08,5200
2019-10-10,5070
2019-10-11,5120
2019-10-14,5240
2019-10-15,5320
2019-10-16,5270
2019-10-17,5300
2019-10-18,5180
2019-10-21,5080
2019-10-22,5080
2019-10-23,5060
2019-10-24,5080
2019-10-25,5080
2019-10-28,5510
2019-10-29,5900
2019-10-30,5630
2019-10-31,5700
2019-11-01,5790
2019-11-04,5800
2019-11-05,5810
2019-11-06,5960
2019-11-07,5880
2019-11-08,5930
2019-11-11,5800
2019-11-12,5920
2019-11-13,5770
2019-11-14,5800
2019-11-15,5800
2019-11-18,5670
2019-11-19,5520
2019-11-20,5500
2019-11-21,5160
2019-11-22,5150
2019-11-25,5140
2019-11-26,5160
2019-11-27,5120
2019-11-28,5140
2019-11-29,5130
2019-12-02,5150
2019-12-03,5040
2019-12-04,5040
2019-12-05,5040
2019-12-06,5190
2019-12-09,5100
2019-12-10,5070
2019-12-11,5090
2019-12-12,5280
2019-12-13,5530
2019-12-16,5470
2019-12-17,5600
2019-12-18,5530
2019-12-19,5560
2019-12-20,5540
2019-12-23,5600
2019-12-24,5600
2019-12-26,5900
2019-12-27,5930
2019-12-30,5970
2020-01-02,5810
2020-01-03,5630
2020-01-06,5470
2020-01-07,5540
2020-01-08,5460
2020-01-09,5770
2020-01-10,5850
2020-01-13,5880
2020-01-14,5710
2020-01-15,5610
2020-01-16,5950
2020-01-17,5940
2020-01-20,5710
2020-01-21,5640
2020-01-22,5770
2020-01-23,5700
2020-01-28,5490
2020-01-29,5510
2020-01-30,5300
2020-01-31,5550
2020-02-03,5700
2020-02-04,5710
2020-02-05,5570
2020-02-06,5740
2020-02-07,5630
2020-02-10,5890
2020-02-11,5940
2020-02-12,5940
2020-02-13,5970
2020-02-14,6240
2020-02-17,7240
2020-02-18,7040
2020-02-19,7080
2020-02-20,7960
2020-02-21,7400
2020-02-24,6730
2020-02-25,6730
2020-02-26,6500
2020-02-27,6160
2020-02-28,5860
2020-03-02,5890
2020-03-03,5770
2020-03-04,5770
2020-03-05,5660
2020-03-06,5390
2020-03-09,4970
2020-03-10,5060
2020-03-11,4780
2020-03-12,4300
2020-03-13,3955
2020-03-16,3770
2020-03-17,3835
2020-03-18,3500
2020-03-19,3320
2020-03-20,3530
2020-03-23,3075
2020-03-24,3445
2020-03-25,3780
2020-03-26,3680
2020-03-27,3640
2020-03-30,4000
2020-03-31,4740
2020-04-01,4980
2020-04-02,5760
2020-04-03,5330
2020-04-06,5450
2020-04-07,5590
2020-04-08,5710
2020-04-09,5530
2020-04-10,5250
2020-04-13,4850
2020-04-14,4980
2020-04-16,5040
2020-04-17,5040
2020-04-20,5010
2020-04-21,4995
2020-04-22,4900
2020-04-23,4915
2020-04-24,4810
2020-04-27,5010
2020-04-28,5360
2020-04-29,5050
2020-05-04,4935
2020-05-06,5210
2020-05-07,5200
2020-05-08,5300
2020-05-11,5350
2020-05-12,5200
2020-05-13,5180
2020-05-14,5140
2020-05-15,5190
2020-05-18,5180
2020-05-19,5260
2020-05-20,5300
2020-05-21,5330
2020-05-22,5220
2020-05-25,5390
2020-05-26,5360
2020-05-27,5400
2020-05-28,5230
2020-05-29,5110
2020-06-01,5220
2020-06-02,5350
2020-06-03,5430
2020-06-04,5370
2020-06-05,5470
2020-06-08,5410
2020-06-09,5370
2020-06-10,5340
2020-06-11,5200
2020-06-12,5060
2020-06-15,4700
2020-06-16,5140
2020-06-17,4990
2020-06-18,4955
2020-06-19,4935
2020-06-22,4885
2020-06-23,4990
2020-06-24,5050
2020-06-25,4960
2020-06-26,5030
2020-06-29,4870
2020-06-30,5040
2020-07-01,5070
2020-07-02,5180
2020-07-03,5260
2020-07-06,5300
2020-07-07,5230
2020-07-08,5250
2020-07-09,5300
2020-07-10,5300
2020-07-13,5250
2020-07-14,5240
2020-07-15,5240
2020-07-16,5200
2020-07-17,5130
2020-07-20,5090
2020-07-21,5080
2020-07-22,5060
2020-07-23,5040
2020-07-24,5030
2020-07-27,5000
2020-07-28,4970
