,086960
2008-06-16,4910
2008-06-17,4930
2008-06-18,5060
2008-06-19,4990
2008-06-20,4900
2008-06-23,4865
2008-06-24,4760
2008-06-25,4860
2008-06-26,4870
2008-06-27,4635
2008-06-30,4400
2008-07-01,4015
2008-07-02,3835
2008-07-03,3925
2008-07-04,3925
2008-07-07,4085
2008-07-08,4000
2008-07-09,4000
2008-07-10,4150
2008-07-11,4150
2008-07-14,4195
2008-07-15,4100
2008-07-16,4095
2008-07-17,4100
2008-07-18,4110
2008-07-21,4260
2008-07-22,4675
2008-07-23,4870
2008-07-24,4930
2008-07-25,4885
2008-07-28,4900
2008-07-29,4995
2008-07-30,5070
2008-07-31,4860
2008-08-01,4710
2008-08-04,4805
2008-08-05,4755
2008-08-06,4750
2008-08-07,4790
2008-08-08,4680
2008-08-11,4675
2008-08-12,4560
2008-08-13,4445
2008-08-14,4510
2008-08-18,4390
2008-08-19,4355
2008-08-20,4175
2008-08-21,4100
2008-08-22,4010
2008-08-25,4220
2008-08-26,4080
2008-08-27,4050
2008-08-28,4040
2008-08-29,4040
2008-09-01,3900
2008-09-02,3750
2008-09-03,3535
2008-09-04,3660
2008-09-05,3680
2008-09-08,3870
2008-09-09,3680
2008-09-10,3870
2008-09-11,3700
2008-09-12,3800
2008-09-16,3620
2008-09-17,3630
2008-09-18,3500
2008-09-19,3650
2008-09-22,3630
2008-09-23,3550
2008-09-24,3630
2008-09-25,3690
2008-09-26,3635
2008-09-29,3700
2008-09-30,3675
2008-10-01,3660
2008-10-02,3600
2008-10-06,3585
2008-10-07,3555
2008-10-08,3350
2008-10-09,3285
2008-10-10,2950
2008-10-13,3050
2008-10-14,3060
2008-10-15,3005
2008-10-16,2740
2008-10-17,2600
2008-10-20,2695
2008-10-21,2690
2008-10-22,2675
2008-10-23,2520
2008-10-24,2145
2008-10-27,1825
2008-10-28,1930
2008-10-29,1890
2008-10-30,2075
2008-10-31,2100
2008-11-03,2235
2008-11-04,2370
2008-11-05,2525
2008-11-06,2405
2008-11-07,2765
2008-11-10,3000
2008-11-11,2885
2008-11-12,2680
2008-11-13,2350
2008-11-14,2315
2008-11-17,2240
2008-11-18,2190
2008-11-19,2250
2008-11-20,2015
2008-11-21,2195
2008-11-24,2135
2008-11-25,2080
2008-11-26,2165
2008-11-27,2160
2008-11-28,2200
2008-12-01,2135
2008-12-02,2150
2008-12-03,2185
2008-12-04,2305
2008-12-05,2500
2008-12-08,2570
2008-12-09,2450
2008-12-10,2480
2008-12-11,2520
2008-12-12,2360
2008-12-15,2450
2008-12-16,2550
2008-12-17,2520
2008-12-18,2485
2008-12-19,2390
2008-12-22,2500
2008-12-23,2410
2008-12-24,2495
2008-12-26,2390
2008-12-29,2390
2008-12-30,2390
2009-01-02,2420
2009-01-05,2405
2009-01-06,2450
2009-01-07,2490
2009-01-08,2475
2009-01-09,2575
2009-01-12,2735
2009-01-13,2760
2009-01-14,2885
2009-01-15,2570
2009-01-16,2630
2009-01-19,2735
2009-01-20,2700
2009-01-21,2750
2009-01-22,2865
2009-01-23,2850
2009-01-28,2800
2009-01-29,2845
2009-01-30,2850
2009-02-02,2830
2009-02-03,2840
2009-02-04,2875
2009-02-05,2765
2009-02-06,2795
2009-02-09,2825
2009-02-10,2990
2009-02-11,3050
2009-02-12,3355
2009-02-13,3270
2009-02-16,3265
2009-02-17,3100
2009-02-18,3000
2009-02-19,3175
2009-02-20,2935
2009-02-23,3135
2009-02-24,3105
2009-02-25,3385
2009-02-26,3285
2009-02-27,3410
2009-03-02,3390
2009-03-03,3295
2009-03-04,3400
2009-03-05,3750
2009-03-06,3900
2009-03-09,3760
2009-03-10,3770
2009-03-11,3670
2009-03-12,3700
2009-03-13,3735
2009-03-16,3655
2009-03-17,3740
2009-03-18,3980
2009-03-19,3975
2009-03-20,4245
2009-03-23,4360
2009-03-24,4290
2009-03-25,4220
2009-03-26,4355
2009-03-27,4210
2009-03-30,4030
2009-03-31,4200
2009-04-01,4165
2009-04-02,4130
2009-04-03,4000
2009-04-06,3970
2009-04-07,4040
2009-04-08,3850
2009-04-09,3915
2009-04-10,4060
2009-04-13,4490
2009-04-14,4440
2009-04-15,4600
2009-04-16,4700
2009-04-17,4425
2009-04-20,4540
2009-04-21,4620
2009-04-22,4800
2009-04-23,4790
2009-04-24,4730
2009-04-27,5430
2009-04-28,4690
2009-04-29,4790
2009-04-30,4875
2009-05-04,4845
2009-05-06,4785
2009-05-07,4695
2009-05-08,4735
2009-05-11,5070
2009-05-12,5120
2009-05-13,5060
2009-05-14,5100
2009-05-15,4960
2009-05-18,4850
2009-05-19,4990
2009-05-20,5030
2009-05-21,4800
2009-05-22,4560
2009-05-25,4500
2009-05-26,4230
2009-05-27,4220
2009-05-28,4070
2009-05-29,4100
2009-06-01,4075
2009-06-02,4160
2009-06-03,4145
2009-06-04,4170
2009-06-05,4170
2009-06-08,4300
2009-06-09,4340
2009-06-10,4385
2009-06-11,4345
2009-06-12,4680
2009-06-15,4620
2009-06-16,4850
2009-06-17,4720
2009-06-18,4755
2009-06-19,4750
2009-06-22,4595
2009-06-23,4400
2009-06-24,4315
2009-06-25,4500
2009-06-26,4560
2009-06-29,4560
2009-06-30,4550
2009-07-01,4620
2009-07-02,4400
2009-07-03,4490
2009-07-06,4480
2009-07-07,4370
2009-07-08,4385
2009-07-09,4385
2009-07-10,4340
2009-07-13,4285
2009-07-14,4265
2009-07-15,4290
2009-07-16,4220
2009-07-17,4210
2009-07-20,4135
2009-07-21,4295
2009-07-22,4285
2009-07-23,4210
2009-07-24,4280
2009-07-27,4290
2009-07-28,4280
2009-07-29,4290
2009-07-30,4345
2009-07-31,4395
2009-08-03,4645
2009-08-04,4620
2009-08-05,4900
2009-08-06,5030
2009-08-07,4900
2009-08-10,4700
2009-08-11,5380
2009-08-12,5510
2009-08-13,5780
2009-08-14,5600
2009-08-17,5510
2009-08-18,5610
2009-08-19,6180
2009-08-20,6270
2009-08-21,6450
2009-08-24,6500
2009-08-25,6400
2009-08-26,6560
2009-08-27,7540
2009-08-28,8670
2009-08-31,7370
2009-09-01,7430
2009-09-02,6950
2009-09-03,7990
2009-09-04,8280
2009-09-07,8720
2009-09-08,8580
2009-09-09,8640
2009-09-10,9300
2009-09-11,9260
2009-09-14,9100
2009-09-15,8850
2009-09-16,8720
2009-09-17,8600
2009-09-18,8650
2009-09-21,8330
2009-09-22,9050
2009-09-23,9650
2009-09-24,8960
2009-09-25,8380
2009-09-28,8440
2009-09-29,8530
2009-09-30,8160
2009-10-01,8400
2009-10-05,8070
2009-10-06,7200
2009-10-07,6990
2009-10-08,6890
2009-10-09,6990
2009-10-12,7100
2009-10-13,6920
2009-10-14,7830
2009-10-15,7700
2009-10-16,7470
2009-10-19,8160
2009-10-20,8140
2009-10-21,8000
2009-10-22,7900
2009-10-23,7690
2009-10-26,8300
2009-10-27,7790
2009-10-28,7000
2009-10-29,7150
2009-10-30,6920
2009-11-02,6660
2009-11-03,6400
2009-11-04,6160
2009-11-05,6660
2009-11-06,6320
2009-11-09,6480
2009-11-10,6440
2009-11-11,6220
2009-11-12,6240
2009-11-13,6190
2009-11-16,5980
2009-11-17,6080
2009-11-18,6090
2009-11-19,6090
2009-11-20,6400
2009-11-23,6310
2009-11-24,6300
2009-11-25,6090
2009-11-26,6100
2009-11-27,6000
2009-11-30,6000
2009-12-01,6080
2009-12-02,6170
2009-12-03,7090
2009-12-04,7160
2009-12-07,7100
2009-12-08,6870
2009-12-09,6810
2009-12-10,7210
2009-12-11,7290
2009-12-14,7250
2009-12-15,7830
2009-12-16,7850
2009-12-17,7950
2009-12-18,8040
2009-12-21,8560
2009-12-22,8440
2009-12-23,7850
2009-12-24,8100
2009-12-28,8260
2009-12-29,8440
2009-12-30,8700
2010-01-04,9420
2010-01-05,9500
2010-01-06,9210
2010-01-07,8790
2010-01-08,8960
2010-01-11,8950
2010-01-12,8900
2010-01-13,9000
2010-01-14,9370
2010-01-15,9120
2010-01-18,8800
2010-01-19,8720
2010-01-20,8510
2010-01-21,9020
2010-01-22,10350
2010-01-25,10100
2010-01-26,8830
2010-01-27,8190
2010-01-28,8600
2010-01-29,8000
2010-02-01,8340
2010-02-02,8250
2010-02-03,8690
2010-02-04,8720
2010-02-05,8820
2010-02-08,7910
2010-02-09,8170
2010-02-10,8070
2010-02-11,8320
2010-02-12,8390
2010-02-16,8410
2010-02-17,8340
2010-02-18,8800
2010-02-19,8890
2010-02-22,9270
2010-02-23,9180
2010-02-24,9280
2010-02-25,8620
2010-02-26,8560
2010-03-02,8520
2010-03-03,8430
2010-03-04,8230
2010-03-05,8220
2010-03-08,8440
2010-03-09,8430
2010-03-10,8300
2010-03-11,8300
2010-03-12,8300
2010-03-15,8240
2010-03-16,8600
2010-03-17,8700
2010-03-18,8880
2010-03-19,8750
2010-03-22,9200
2010-03-23,9140
2010-03-24,8780
2010-03-25,9080
2010-03-26,9130
2010-03-29,8750
2010-03-30,8670
2010-03-31,8670
2010-04-01,8750
2010-04-02,8650
2010-04-05,8200
2010-04-06,8120
2010-04-07,8300
2010-04-08,8280
2010-04-09,8250
2010-04-12,8160
2010-04-13,8120
2010-04-14,8320
2010-04-15,8540
2010-04-16,8470
2010-04-19,8360
2010-04-20,8380
2010-04-21,8800
2010-04-22,8820
2010-04-23,8660
2010-04-26,8830
2010-04-27,9300
2010-04-28,9280
2010-04-29,9280
2010-04-30,9690
2010-05-03,9440
2010-05-04,9290
2010-05-06,9050
2010-05-07,9000
2010-05-10,9050
2010-05-11,8540
2010-05-12,8500
2010-05-13,8800
2010-05-14,9520
2010-05-17,9600
2010-05-18,9500
2010-05-19,9580
2010-05-20,9200
2010-05-24,8600
2010-05-25,7840
2010-05-26,8250
2010-05-27,8280
2010-05-28,8590
2010-05-31,8830
2010-06-01,8750
2010-06-03,9040
2010-06-04,9100
2010-06-07,8700
2010-06-08,9110
2010-06-09,9100
2010-06-10,9090
2010-06-11,8980
2010-06-14,8950
2010-06-15,9120
2010-06-16,9000
2010-06-17,8840
2010-06-18,8570
2010-06-21,8540
2010-06-22,8540
2010-06-23,8260
2010-06-24,8380
2010-06-25,8290
2010-06-28,8430
2010-06-29,8190
2010-06-30,8650
2010-07-01,8370
2010-07-02,8160
2010-07-05,8050
2010-07-06,8050
2010-07-07,8090
2010-07-08,8100
2010-07-09,7980
2010-07-12,7980
2010-07-13,7860
2010-07-14,7980
2010-07-15,7990
2010-07-16,7890
2010-07-19,7690
2010-07-20,7640
2010-07-21,7730
2010-07-22,7350
2010-07-23,7200
2010-07-26,7010
2010-07-27,7130
2010-07-28,7470
2010-07-29,7420
2010-07-30,7360
2010-08-02,7590
2010-08-03,7590
2010-08-04,7590
2010-08-05,7400
2010-08-06,7420
2010-08-09,7520
2010-08-10,7600
2010-08-11,7430
2010-08-12,7150
2010-08-13,7300
2010-08-16,7700
2010-08-17,8060
2010-08-18,7960
2010-08-19,7800
2010-08-20,7790
2010-08-23,7540
2010-08-24,7460
2010-08-25,7400
2010-08-26,7200
2010-08-27,7130
2010-08-30,7380
2010-08-31,7340
2010-09-01,7220
2010-09-02,7190
2010-09-03,7440
2010-09-06,7440
2010-09-07,7410
2010-09-08,7680
2010-09-09,7810
2010-09-10,7860
2010-09-13,7700
2010-09-14,7700
2010-09-15,7740
2010-09-16,7820
2010-09-17,7800
2010-09-20,7630
2010-09-24,7500
2010-09-27,7390
2010-09-28,7430
2010-09-29,7380
2010-09-30,7250
2010-10-01,7220
2010-10-04,7350
2010-10-05,7530
2010-10-06,7710
2010-10-07,7690
2010-10-08,7700
2010-10-11,7650
2010-10-12,7540
2010-10-13,7590
2010-10-14,7810
2010-10-15,8050
2010-10-18,8450
2010-10-19,8370
2010-10-20,8380
2010-10-21,8380
2010-10-22,8380
2010-10-25,8310
2010-10-26,8490
2010-10-27,8570
2010-10-28,9000
2010-10-29,9000
2010-11-01,9070
2010-11-02,8820
2010-11-03,9050
2010-11-04,9150
2010-11-05,8970
2010-11-08,8900
2010-11-09,9130
2010-11-10,9030
2010-11-11,8880
2010-11-12,8540
2010-11-15,8550
2010-11-16,8670
2010-11-17,9080
2010-11-18,9150
2010-11-19,9010
2010-11-22,8850
2010-11-23,8750
2010-11-24,8700
2010-11-25,8700
2010-11-26,8600
2010-11-29,8600
2010-11-30,8790
2010-12-01,8650
2010-12-02,8700
2010-12-03,8550
2010-12-06,8490
2010-12-07,8520
2010-12-08,8600
2010-12-09,8610
2010-12-10,8520
2010-12-13,8570
2010-12-14,8430
2010-12-15,8200
2010-12-16,8070
2010-12-17,8050
2010-12-20,7730
2010-12-21,8050
2010-12-22,8020
2010-12-23,8070
2010-12-24,8060
2010-12-27,8000
2010-12-28,7910
2010-12-29,7850
2010-12-30,8140
2011-01-03,8170
2011-01-04,8260
2011-01-05,8160
2011-01-06,8080
2011-01-07,8030
2011-01-10,8070
2011-01-11,8080
2011-01-12,8010
2011-01-13,7970
2011-01-14,7810
2011-01-17,7660
2011-01-18,7560
2011-01-19,7400
2011-01-20,7300
2011-01-21,7380
2011-01-24,7360
2011-01-25,7500
2011-01-26,7540
2011-01-27,7550
2011-01-28,7510
2011-01-31,7250
2011-02-01,7320
2011-02-07,7360
2011-02-08,7850
2011-02-09,7720
2011-02-10,7550
2011-02-11,7590
2011-02-14,7470
2011-02-15,7500
2011-02-16,7660
2011-02-17,7590
2011-02-18,7660
2011-02-21,7520
2011-02-22,7350
2011-02-23,7200
2011-02-24,7150
2011-02-25,7250
2011-02-28,7070
2011-03-02,7030
2011-03-03,7150
2011-03-04,7270
2011-03-07,7300
2011-03-08,7260
2011-03-09,7180
2011-03-10,7150
2011-03-11,7040
2011-03-14,6900
2011-03-15,6800
2011-03-16,6640
2011-03-17,6700
2011-03-18,6830
2011-03-21,6910
2011-03-22,6900
2011-03-23,6870
2011-03-24,6880
2011-03-25,6800
2011-03-28,7100
2011-03-29,7360
2011-03-30,7430
2011-03-31,7520
2011-04-01,7460
2011-04-04,7310
2011-04-05,7230
2011-04-06,7250
2011-04-07,7340
2011-04-08,7340
2011-04-11,7640
2011-04-12,7450
2011-04-13,7400
2011-04-14,7680
2011-04-15,7740
2011-04-18,7650
2011-04-19,7570
2011-04-20,7590
2011-04-21,7450
2011-04-22,7250
2011-04-25,7750
2011-04-26,7550
2011-04-27,7500
2011-04-28,7390
2011-04-29,7420
2011-05-02,7380
2011-05-03,7280
2011-05-04,7140
2011-05-06,7000
2011-05-09,6800
2011-05-11,6840
2011-05-12,6810
2011-05-13,6730
2011-05-16,6700
2011-05-17,6460
2011-05-18,6250
2011-05-19,6360
2011-05-20,6450
2011-05-23,6440
2011-05-24,6420
2011-05-25,6580
2011-05-26,6790
2011-05-27,6850
2011-05-30,6780
2011-05-31,6890
2011-06-01,6980
2011-06-02,6850
2011-06-03,6950
2011-06-07,6970
2011-06-08,6900
2011-06-09,6960
2011-06-10,6860
2011-06-13,6720
2011-06-14,6750
2011-06-15,6930
2011-06-16,6900
2011-06-17,6770
2011-06-20,6690
2011-06-21,6650
2011-06-22,6710
2011-06-23,6750
2011-06-24,6920
2011-06-27,6810
2011-06-28,6740
2011-06-29,6640
2011-06-30,6720
2011-07-01,6600
2011-07-04,6470
2011-07-05,6410
2011-07-06,6390
2011-07-07,6410
2011-07-08,6400
2011-07-11,6450
2011-07-12,6340
2011-07-13,6320
2011-07-14,6210
2011-07-15,6260
2011-07-18,6480
2011-07-19,6510
2011-07-20,6510
2011-07-21,6570
2011-07-22,6750
2011-07-25,6700
2011-07-26,6600
2011-07-27,6650
2011-07-28,6700
2011-07-29,6630
2011-08-01,6670
2011-08-02,6690
2011-08-03,6640
2011-08-04,6500
2011-08-05,6120
2011-08-08,5760
2011-08-09,4900
2011-08-10,5070
2011-08-11,5150
2011-08-12,5270
2011-08-16,5600
2011-08-17,5960
2011-08-18,6390
2011-08-19,6510
2011-08-22,6630
2011-08-23,7140
2011-08-24,6950
2011-08-25,6930
2011-08-26,6600
2011-08-29,6800
2011-08-30,6790
2011-08-31,6740
2011-09-01,6710
2011-09-02,6690
2011-09-05,6500
2011-09-06,6350
2011-09-07,6350
2011-09-08,6120
2011-09-09,6200
2011-09-14,6070
2011-09-15,6140
2011-09-16,6220
2011-09-19,5950
2011-09-20,5810
2011-09-21,5800
2011-09-22,5620
2011-09-23,5100
2011-09-26,5150
2011-09-27,5350
2011-09-28,5330
2011-09-29,5710
2011-09-30,5890
2011-10-04,5460
2011-10-05,5250
2011-10-06,5410
2011-10-07,5570
2011-10-10,6000
2011-10-11,5920
2011-10-12,5930
2011-10-13,5790
2011-10-14,5630
2011-10-17,6010
2011-10-18,5790
2011-10-19,5790
2011-10-20,5800
2011-10-21,5900
2011-10-24,6120
2011-10-25,5920
2011-10-26,6010
2011-10-27,6400
2011-10-28,6490
2011-10-31,6500
2011-11-01,6500
2011-11-02,6730
2011-11-03,6740
2011-11-04,6780
2011-11-07,6750
2011-11-08,7000
2011-11-09,7000
2011-11-10,6890
2011-11-11,6950
2011-11-14,6950
2011-11-15,6650
2011-11-16,6560
2011-11-17,6700
2011-11-18,6460
2011-11-21,6390
2011-11-22,6210
2011-11-23,6170
2011-11-24,6410
2011-11-25,6470
2011-11-28,6550
2011-11-29,6500
2011-11-30,6500
2011-12-01,6560
2011-12-02,6620
2011-12-05,6700
2011-12-06,6640
2011-12-07,6450
2011-12-08,6400
2011-12-09,6300
2011-12-12,6450
2011-12-13,6410
2011-12-14,6250
2011-12-15,6270
2011-12-16,6340
2011-12-19,6210
2011-12-20,6150
2011-12-21,6280
2011-12-22,6360
2011-12-23,7310
2011-12-26,7290
2011-12-27,7240
2011-12-28,7940
2011-12-29,7940
2012-01-02,8210
2012-01-03,8420
2012-01-04,8420
2012-01-05,8590
2012-01-06,8360
2012-01-09,8290
2012-01-10,8700
2012-01-11,8570
2012-01-12,8780
2012-01-13,8700
2012-01-16,8680
2012-01-17,8560
2012-01-18,8310
2012-01-19,8310
2012-01-20,8800
2012-01-25,9080
2012-01-26,9160
2012-01-27,9160
2012-01-30,9060
2012-01-31,9650
2012-02-01,9690
2012-02-02,9800
2012-02-03,10300
2012-02-06,10300
2012-02-07,10400
2012-02-08,10800
2012-02-09,12300
2012-02-10,11350
2012-02-13,12000
2012-02-14,11700
2012-02-15,11400
2012-02-16,10600
2012-02-17,11700
2012-02-20,12150
2012-02-21,12200
2012-02-22,12650
2012-02-23,12000
2012-02-24,12100
2012-02-27,11700
2012-02-28,11750
2012-02-29,11700
2012-03-02,12300
2012-03-05,11950
2012-03-06,11500
2012-03-07,11550
2012-03-08,13250
2012-03-09,13600
2012-03-12,14050
2012-03-13,13500
2012-03-14,13150
2012-03-15,13100
2012-03-16,13750
2012-03-19,14050
2012-03-20,13500
2012-03-21,13550
2012-03-22,13300
2012-03-23,13300
2012-03-26,12800
2012-03-27,12600
2012-03-28,12050
2012-03-29,12300
2012-03-30,12350
2012-04-02,12050
2012-04-03,11900
2012-04-04,11450
2012-04-05,12100
2012-04-06,12750
2012-04-09,12250
2012-04-10,12400
2012-04-12,12300
2012-04-13,12500
2012-04-16,13000
2012-04-17,13200
2012-04-18,13500
2012-04-19,13400
2012-04-20,13000
2012-04-23,14000
2012-04-24,13000
2012-04-25,12800
2012-04-26,12750
2012-04-27,12900
2012-04-30,13750
2012-05-02,14450
2012-05-03,14150
2012-05-04,14050
2012-05-07,13850
2012-05-08,14600
2012-05-09,14200
2012-05-10,14500
2012-05-11,15400
2012-05-14,15250
2012-05-15,14600
2012-05-16,13600
2012-05-17,14150
2012-05-18,13050
2012-05-21,13450
2012-05-22,14100
2012-05-23,13850
2012-05-24,13500
2012-05-25,13450
2012-05-29,13500
2012-05-30,13450
2012-05-31,13400
2012-06-01,13150
2012-06-04,11500
2012-06-05,11250
2012-06-07,11900
2012-06-08,11550
2012-06-11,12000
2012-06-12,11800
2012-06-13,11800
2012-06-14,11850
2012-06-15,11950
2012-06-18,12850
2012-06-19,12850
2012-06-20,13300
2012-06-21,13600
2012-06-22,13550
2012-06-25,13650
2012-06-26,13350
2012-06-27,12950
2012-06-28,12850
2012-06-29,13700
2012-07-02,13600
2012-07-03,13350
2012-07-04,13350
2012-07-05,14100
2012-07-06,13950
2012-07-09,15000
2012-07-10,14850
2012-07-11,15100
2012-07-12,14300
2012-07-13,13950
2012-07-16,15350
2012-07-17,13850
2012-07-18,13500
2012-07-19,13750
2012-07-20,13600
2012-07-23,13350
2012-07-24,13500
2012-07-25,12300
2012-07-26,12500
2012-07-27,12900
2012-07-30,12950
2012-07-31,13250
2012-08-01,13050
2012-08-02,13100
2012-08-03,12700
2012-08-06,13000
2012-08-07,13200
2012-08-08,12700
2012-08-09,12700
2012-08-10,12500
2012-08-13,12300
2012-08-14,12500
2012-08-16,12800
2012-08-17,12900
2012-08-20,13400
2012-08-21,13600
2012-08-22,13650
2012-08-23,13700
2012-08-24,13300
2012-08-27,13250
2012-08-28,13900
2012-08-29,13800
2012-08-30,14300
2012-08-31,14200
2012-09-03,14250
2012-09-04,14300
2012-09-05,13900
2012-09-06,14100
2012-09-07,14550
2012-09-10,14700
2012-09-11,15000
2012-09-12,15450
2012-09-13,15350
2012-09-14,15000
2012-09-17,15450
2012-09-18,15450
2012-09-19,15100
2012-09-20,15200
2012-09-21,15400
2012-09-24,16900
2012-09-25,16300
2012-09-26,16350
2012-09-27,15900
2012-09-28,16050
2012-10-02,16300
2012-10-04,16100
2012-10-05,15800
2012-10-08,16600
2012-10-09,16200
2012-10-10,15550
2012-10-11,16250
2012-10-12,16500
2012-10-15,15550
2012-10-16,15450
2012-10-17,15050
2012-10-18,14700
2012-10-19,13800
2012-10-22,14100
2012-10-23,13500
2012-10-24,13900
2012-10-25,14150
2012-10-26,13700
2012-10-29,12500
2012-10-30,12900
2012-10-31,13150
2012-11-01,13500
2012-11-02,13650
2012-11-05,13800
2012-11-06,13850
2012-11-07,13700
2012-11-08,13700
2012-11-09,14500
2012-11-12,14650
2012-11-13,14500
2012-11-14,14100
2012-11-15,14250
2012-11-16,13600
2012-11-19,14300
2012-11-20,14500
2012-11-21,14450
2012-11-22,14450
2012-11-23,14150
2012-11-26,14450
2012-11-27,13600
2012-11-28,13400
2012-11-29,13050
2012-11-30,13450
2012-12-03,13700
2012-12-04,13700
2012-12-05,13450
2012-12-06,13000
2012-12-07,12500
2012-12-10,12600
2012-12-11,12850
2012-12-12,12700
2012-12-13,13050
2012-12-14,13250
2012-12-17,12950
2012-12-18,12850
2012-12-20,13000
2012-12-21,12850
2012-12-24,13600
2012-12-26,13500
2012-12-27,13800
2012-12-28,13250
2013-01-02,13500
2013-01-03,13150
2013-01-04,13050
2013-01-07,13600
2013-01-08,13250
2013-01-09,13800
2013-01-10,13850
2013-01-11,14100
2013-01-14,14200
2013-01-15,14200
2013-01-16,14400
2013-01-17,14450
2013-01-18,14750
2013-01-21,14650
2013-01-22,15350
2013-01-23,15000
2013-01-24,14800
2013-01-25,14500
2013-01-28,14950
2013-01-29,15000
2013-01-30,14850
2013-01-31,14850
2013-02-01,14850
2013-02-04,14650
2013-02-05,14800
2013-02-06,15200
2013-02-07,14700
2013-02-08,15050
2013-02-12,14750
2013-02-13,14900
2013-02-14,15000
2013-02-15,15550
2013-02-18,15750
2013-02-19,15750
2013-02-20,15500
2013-02-21,14900
2013-02-22,15250
2013-02-25,15100
2013-02-26,14950
2013-02-27,15150
2013-02-28,15600
2013-03-04,15350
2013-03-05,15450
2013-03-06,15100
2013-03-07,14750
2013-03-08,14550
2013-03-11,14500
2013-03-12,14800
2013-03-13,15200
2013-03-14,15450
2013-03-15,15300
2013-03-18,14600
2013-03-19,14950
2013-03-20,14850
2013-03-21,15350
2013-03-22,15300
2013-03-25,15000
2013-03-26,15000
2013-03-27,14650
2013-03-28,14500
2013-03-29,15000
2013-04-01,14500
2013-04-02,14050
2013-04-03,14100
2013-04-04,13700
2013-04-05,13300
2013-04-08,12700
2013-04-09,13000
2013-04-10,12900
2013-04-11,13400
2013-04-12,13600
2013-04-15,13650
2013-04-16,13650
2013-04-17,13650
2013-04-18,13500
2013-04-19,13650
2013-04-22,14000
2013-04-23,14050
2013-04-24,14000
2013-04-25,14100
2013-04-26,14400
2013-04-29,14750
2013-04-30,14750
2013-05-02,14650
2013-05-03,14700
2013-05-06,14600
2013-05-07,15000
2013-05-08,15350
2013-05-09,15300
2013-05-10,15000
2013-05-13,14450
2013-05-14,14200
2013-05-15,14400
2013-05-16,14500
2013-05-20,14800
2013-05-21,15100
2013-05-22,15050
2013-05-23,14850
2013-05-24,15000
2013-05-27,14850
2013-05-28,14850
2013-05-29,14650
2013-05-30,14350
2013-05-31,14450
2013-06-03,14350
2013-06-04,14300
2013-06-05,14100
2013-06-07,13800
2013-06-10,14200
2013-06-11,14050
2013-06-12,14000
2013-06-13,13750
2013-06-14,13750
2013-06-17,13500
2013-06-18,13900
2013-06-19,14150
2013-06-20,14150
2013-06-21,14050
2013-06-24,13700
2013-06-25,12750
2013-06-26,13350
2013-06-27,13600
2013-06-28,13900
2013-07-01,13550
2013-07-02,13500
2013-07-03,13300
2013-07-04,13350
2013-07-05,13350
2013-07-08,13100
2013-07-09,13800
2013-07-10,14250
2013-07-11,14350
2013-07-12,14550
2013-07-15,14650
2013-07-16,14750
2013-07-17,14450
2013-07-18,14450
2013-07-19,14800
2013-07-22,15400
2013-07-23,15650
2013-07-24,15600
2013-07-25,15300
2013-07-26,15900
2013-07-29,15500
2013-07-30,15500
2013-07-31,16100
2013-08-01,16050
2013-08-02,16000
2013-08-05,16000
2013-08-06,15950
2013-08-07,15850
2013-08-08,15700
2013-08-09,15850
2013-08-12,15450
2013-08-13,15400
2013-08-14,15400
2013-08-16,15200
2013-08-19,15200
2013-08-20,14900
2013-08-21,14750
2013-08-22,14300
2013-08-23,14600
2013-08-26,15450
2013-08-27,15050
2013-08-28,15050
2013-08-29,15400
2013-08-30,15150
2013-09-02,15100
2013-09-03,15400
2013-09-04,15200
2013-09-05,14900
2013-09-06,14500
2013-09-09,14400
2013-09-10,14700
2013-09-11,14850
2013-09-12,14750
2013-09-13,14550
2013-09-16,14450
2013-09-17,14200
2013-09-23,14500
2013-09-24,14250
2013-09-25,14400
2013-09-26,14400
2013-09-27,14800
2013-09-30,14800
2013-10-01,14700
2013-10-02,14600
2013-10-04,14400
2013-10-07,14350
2013-10-08,14250
2013-10-10,14100
2013-10-11,13700
2013-10-14,13850
2013-10-15,13350
2013-10-16,13450
2013-10-17,13400
2013-10-18,13750
2013-10-21,14000
2013-10-22,14000
2013-10-23,14050
2013-10-24,14800
2013-10-25,15200
2013-10-28,15000
2013-10-29,14800
2013-10-30,14950
2013-10-31,14900
2013-11-01,15000
2013-11-04,14900
2013-11-05,14700
2013-11-06,14700
2013-11-07,14700
2013-11-08,14700
2013-11-11,14350
2013-11-12,14250
2013-11-13,14000
2013-11-14,14550
2013-11-15,14900
2013-11-18,14750
2013-11-19,14650
2013-11-20,14650
2013-11-21,14500
2013-11-22,15000
2013-11-25,15000
2013-11-26,14850
2013-11-27,14950
2013-11-28,14950
2013-11-29,15000
2013-12-02,14850
2013-12-03,14850
2013-12-04,14600
2013-12-05,14550
2013-12-06,14600
2013-12-09,14250
2013-12-10,13850
2013-12-11,13900
2013-12-12,14150
2013-12-13,14300
2013-12-16,14200
2013-12-17,14200
2013-12-18,14350
2013-12-19,14400
2013-12-20,14350
2013-12-23,14400
2013-12-24,14400
2013-12-26,14400
2013-12-27,14300
2013-12-30,14650
2014-01-02,14850
2014-01-03,15300
2014-01-06,15750
2014-01-07,15800
2014-01-08,16200
2014-01-09,16350
2014-01-10,16550
2014-01-13,17150
2014-01-14,17800
2014-01-15,17950
2014-01-16,18350
2014-01-17,18600
2014-01-20,17850
2014-01-21,17800
2014-01-22,18550
2014-01-23,18450
2014-01-24,18800
2014-01-27,19000
2014-01-28,18050
2014-01-29,18100
2014-02-03,18650
2014-02-04,18200
2014-02-05,18150
2014-02-06,18300
2014-02-07,18600
2014-02-10,18350
2014-02-11,18100
2014-02-12,18350
2014-02-13,17400
2014-02-14,17900
2014-02-17,17950
2014-02-18,17800
2014-02-19,17700
2014-02-20,17650
2014-02-21,17800
2014-02-24,17700
2014-02-25,18600
2014-02-26,19200
2014-02-27,19300
2014-02-28,18800
2014-03-03,19250
2014-03-04,20200
2014-03-05,19800
2014-03-06,19700
2014-03-07,20100
2014-03-10,19400
2014-03-11,20450
2014-03-12,19850
2014-03-13,20500
2014-03-14,20000
2014-03-17,19100
2014-03-18,19650
2014-03-19,19550
2014-03-20,21350
2014-03-21,20600
2014-03-24,20300
2014-03-25,19100
2014-03-26,19650
2014-03-27,18900
2014-03-28,19000
2014-03-31,18900
2014-04-01,19150
2014-04-02,19550
2014-04-03,19800
2014-04-04,20250
2014-04-07,19400
2014-04-08,19600
2014-04-09,18700
2014-04-10,18850
2014-04-11,18750
2014-04-14,18550
2014-04-15,18850
2014-04-16,19300
2014-04-17,19700
2014-04-18,19850
2014-04-21,20250
2014-04-22,21200
2014-04-23,22350
2014-04-24,22250
2014-04-25,23050
2014-04-28,23250
2014-04-29,23000
2014-04-30,22900
2014-05-02,22400
2014-05-07,22600
2014-05-08,22600
2014-05-09,22300
2014-05-12,22400
2014-05-13,22900
2014-05-14,22800
2014-05-15,22900
2014-05-16,22700
2014-05-19,21500
2014-05-20,22000
2014-05-21,22050
2014-05-22,21200
2014-05-23,21150
2014-05-26,21050
2014-05-27,20400
2014-05-28,21000
2014-05-29,20300
2014-05-30,20250
2014-06-02,19900
2014-06-03,20250
2014-06-05,20250
2014-06-09,19850
2014-06-10,20950
2014-06-11,20700
2014-06-12,21200
2014-06-13,21700
2014-06-16,21500
2014-06-17,21700
2014-06-18,21750
2014-06-19,21850
2014-06-20,21250
2014-06-23,20300
2014-06-24,20450
2014-06-25,20450
2014-06-26,21500
2014-06-27,21300
2014-06-30,21500
2014-07-01,21950
2014-07-02,22300
2014-07-03,22300
2014-07-04,22300
2014-07-07,21950
2014-07-08,23050
2014-07-09,23050
2014-07-10,23000
2014-07-11,22450
2014-07-14,22750
2014-07-15,22000
2014-07-16,21450
2014-07-17,21500
2014-07-18,21500
2014-07-21,21500
2014-07-22,24000
2014-07-23,24050
2014-07-24,23350
2014-07-25,23900
2014-07-28,22800
2014-07-29,22200
2014-07-30,21850
2014-07-31,22900
2014-08-01,22700
2014-08-04,23700
2014-08-05,22850
2014-08-06,22500
2014-08-07,22750
2014-08-08,23200
2014-08-11,23350
2014-08-12,23950
2014-08-13,24000
2014-08-14,23500
2014-08-18,24400
2014-08-19,24250
2014-08-20,24150
2014-08-21,23900
2014-08-22,24050
2014-08-25,24400
2014-08-26,23750
2014-08-27,23250
2014-08-28,23200
2014-08-29,22700
2014-09-01,22550
2014-09-02,23350
2014-09-03,23450
2014-09-04,23500
2014-09-05,24300
2014-09-11,24000
2014-09-12,23100
2014-09-15,23100
2014-09-16,23250
2014-09-17,23450
2014-09-18,23250
2014-09-19,23800
2014-09-22,23300
2014-09-23,23450
2014-09-24,23650
2014-09-25,23100
2014-09-26,23250
2014-09-29,22600
2014-09-30,23000
2014-10-01,22150
2014-10-02,22850
2014-10-06,22550
2014-10-07,22600
2014-10-08,22850
2014-10-10,22600
2014-10-13,21900
2014-10-14,22150
2014-10-15,21500
2014-10-16,21050
2014-10-17,21200
2014-10-20,22700
2014-10-21,22900
2014-10-22,22700
2014-10-23,23050
2014-10-24,22150
2014-10-27,22150
2014-10-28,21650
2014-10-29,21700
2014-10-30,21250
2014-10-31,21300
2014-11-03,21700
2014-11-04,21700
2014-11-05,21600
2014-11-06,20800
2014-11-07,20150
2014-11-10,19800
2014-11-11,20950
2014-11-12,20450
2014-11-13,19650
2014-11-14,19400
2014-11-17,19450
2014-11-18,19800
2014-11-19,20400
2014-11-20,20500
2014-11-21,20250
2014-11-24,20000
2014-11-25,20150
2014-11-26,19300
2014-11-27,19150
2014-11-28,18800
2014-12-01,19000
2014-12-02,19000
2014-12-03,19350
2014-12-04,19550
2014-12-05,19650
2014-12-08,19850
2014-12-09,19500
2014-12-10,19150
2014-12-11,20200
2014-12-12,19800
2014-12-15,20150
2014-12-16,21250
2014-12-17,22100
2014-12-18,21400
2014-12-19,21750
2014-12-22,21000
2014-12-23,20650
2014-12-24,21100
2014-12-26,20650
2014-12-29,20800
2014-12-30,20700
2015-01-02,21450
2015-01-05,21600
2015-01-06,21600
2015-01-07,21350
2015-01-08,22000
2015-01-09,22250
2015-01-12,21350
2015-01-13,21250
2015-01-14,21500
2015-01-15,21350
2015-01-16,22600
2015-01-19,22600
2015-01-20,22550
2015-01-21,23000
2015-01-22,22750
2015-01-23,22650
2015-01-26,22250
2015-01-27,22550
2015-01-28,22800
2015-01-29,22850
2015-01-30,22800
2015-02-02,22700
2015-02-03,22800
2015-02-04,22750
2015-02-05,22300
2015-02-06,21500
2015-02-09,21300
2015-02-10,21500
2015-02-11,21300
2015-02-12,22100
2015-02-13,22050
2015-02-16,21600
2015-02-17,21750
2015-02-23,22000
2015-02-24,22400
2015-02-25,22400
2015-02-26,22350
2015-02-27,22300
2015-03-02,22250
2015-03-03,22650
2015-03-04,23300
2015-03-05,23300
2015-03-06,23150
2015-03-09,22550
2015-03-10,22350
2015-03-11,22100
2015-03-12,23300
2015-03-13,23200
2015-03-16,23300
2015-03-17,23700
2015-03-18,23600
2015-03-19,23050
2015-03-20,22900
2015-03-23,22850
2015-03-24,22550
2015-03-25,22450
2015-03-26,21900
2015-03-27,21450
2015-03-30,22000
2015-03-31,21350
2015-04-01,21800
2015-04-02,21300
2015-04-03,21200
2015-04-06,21200
2015-04-07,21450
2015-04-08,22000
2015-04-09,21950
2015-04-10,20750
2015-04-13,20150
2015-04-14,20500
2015-04-15,21550
2015-04-16,21550
2015-04-17,21300
2015-04-20,21300
2015-04-21,21150
2015-04-22,20900
2015-04-23,21150
2015-04-24,21500
2015-04-27,21700
2015-04-28,21950
2015-04-29,21750
2015-04-30,21250
2015-05-04,21500
2015-05-06,21050
2015-05-07,20800
2015-05-08,20900
2015-05-11,21800
2015-05-12,22350
2015-05-13,22750
2015-05-14,22800
2015-05-15,22850
2015-05-18,24000
2015-05-19,23650
2015-05-20,24250
2015-05-21,23850
2015-05-22,23400
2015-05-26,22650
2015-05-27,22100
2015-05-28,22900
2015-05-29,23350
2015-06-01,23000
2015-06-02,25350
2015-06-03,24050
2015-06-04,23900
2015-06-05,23350
2015-06-08,24250
2015-06-09,24300
2015-06-10,26300
2015-06-11,25200
2015-06-12,25850
2015-06-15,25850
2015-06-16,25750
2015-06-17,24900
2015-06-18,26350
2015-06-19,26200
2015-06-22,26150
2015-06-23,25650
2015-06-24,25150
2015-06-25,25000
2015-06-26,24000
2015-06-29,23050
2015-06-30,24200
2015-07-01,24800
2015-07-02,25300
2015-07-03,24700
2015-07-06,24400
2015-07-07,23600
2015-07-08,24550
2015-07-09,25250
2015-07-10,26000
2015-07-13,26150
2015-07-14,26200
2015-07-15,25650
2015-07-16,26200
2015-07-17,26750
2015-07-20,26600
2015-07-21,25900
2015-07-22,25000
2015-07-23,25800
2015-07-24,25550
2015-07-27,25000
2015-07-28,26100
2015-07-29,26500
2015-07-30,28300
2015-07-31,28150
2015-08-03,27600
2015-08-04,28800
2015-08-05,28900
2015-08-06,28800
2015-08-07,28750
2015-08-10,28250
2015-08-11,27150
2015-08-12,27100
2015-08-13,28450
2015-08-17,28850
2015-08-18,27600
2015-08-19,26000
2015-08-20,26300
2015-08-21,25600
2015-08-24,25300
2015-08-25,26000
2015-08-26,26500
2015-08-27,27400
2015-08-28,27200
2015-08-31,27250
2015-09-01,26300
2015-09-02,26450
2015-09-03,25700
2015-09-04,25100
2015-09-07,25100
2015-09-08,25700
2015-09-09,25850
2015-09-10,25700
2015-09-11,25300
2015-09-14,25450
2015-09-15,25250
2015-09-16,26300
2015-09-17,25350
2015-09-18,25650
2015-09-21,25600
2015-09-22,26350
2015-09-23,25650
2015-09-24,25550
2015-09-25,25400
2015-09-30,25050
2015-10-01,25700
2015-10-02,26000
2015-10-05,25900
2015-10-06,25900
2015-10-07,25200
2015-10-08,25600
2015-10-12,24350
2015-10-13,23200
2015-10-14,23250
2015-10-15,23750
2015-10-16,23900
2015-10-19,24150
2015-10-20,24550
2015-10-21,24500
2015-10-22,24000
2015-10-23,24850
2015-10-26,24800
2015-10-27,24850
2015-10-28,25150
2015-10-29,24250
2015-10-30,23650
2015-11-02,23500
2015-11-03,23950
2015-11-04,23850
2015-11-05,23850
2015-11-06,23600
2015-11-09,22450
2015-11-10,22000
2015-11-11,22100
2015-11-12,22600
2015-11-13,21950
2015-11-16,21250
2015-11-17,20900
2015-11-18,21450
2015-11-19,22050
2015-11-20,22000
2015-11-23,21900
2015-11-24,22500
2015-11-25,22500
2015-11-26,22800
2015-11-27,22600
2015-11-30,22900
2015-12-01,22500
2015-12-02,22600
2015-12-03,23050
2015-12-04,22650
2015-12-07,22900
2015-12-08,22500
2015-12-09,22050
2015-12-10,21850
2015-12-11,23000
2015-12-14,23200
2015-12-15,23000
2015-12-16,23550
2015-12-17,24050
2015-12-18,24350
2015-12-21,25050
2015-12-22,24300
2015-12-23,24150
2015-12-24,24600
2015-12-28,25250
2015-12-29,25400
2015-12-30,26250
2016-01-04,25850
2016-01-05,25850
2016-01-06,25900
2016-01-07,25800
2016-01-08,26250
2016-01-11,25400
2016-01-12,25300
2016-01-13,25450
2016-01-14,24400
2016-01-15,24000
2016-01-18,24150
2016-01-19,24200
2016-01-20,23500
2016-01-21,23200
2016-01-22,23700
2016-01-25,24000
2016-01-26,23550
2016-01-27,22300
2016-01-28,22300
2016-01-29,22000
2016-02-01,23150
2016-02-02,22350
2016-02-03,22250
2016-02-04,22300
2016-02-05,22300
2016-02-11,21150
2016-02-12,19600
2016-02-15,19800
2016-02-16,20350
2016-02-17,20200
2016-02-18,20450
2016-02-19,20650
2016-02-22,21500
2016-02-23,20800
2016-02-24,21600
2016-02-25,22300
2016-02-26,22200
2016-02-29,21650
2016-03-02,21600
2016-03-03,22050
2016-03-04,21850
2016-03-07,21550
2016-03-08,21700
2016-03-09,22250
2016-03-10,22000
2016-03-11,21950
2016-03-14,21900
2016-03-15,21550
2016-03-16,21700
2016-03-17,21900
2016-03-18,21600
2016-03-21,21500
2016-03-22,21950
2016-03-23,21900
2016-03-24,21950
2016-03-25,22050
2016-03-28,21800
2016-03-29,21850
2016-03-30,21600
2016-03-31,21550
2016-04-01,21250
2016-04-04,21300
2016-04-05,21100
2016-04-06,20350
2016-04-07,20650
2016-04-08,20200
2016-04-11,20200
2016-04-12,20250
2016-04-14,20200
2016-04-15,20400
2016-04-18,20600
2016-04-19,20800
2016-04-20,20600
2016-04-21,21200
2016-04-22,21200
2016-04-25,21300
2016-04-26,21100
2016-04-27,20500
2016-04-28,20650
2016-04-29,20900
2016-05-02,20950
2016-05-03,21300
2016-05-04,21150
2016-05-09,20700
2016-05-10,20550
2016-05-11,20700
2016-05-12,20600
2016-05-13,21200
2016-05-16,21400
2016-05-17,21000
2016-05-18,20250
2016-05-19,20000
2016-05-20,20100
2016-05-23,20200
2016-05-24,20000
2016-05-25,20150
2016-05-26,20000
2016-05-27,20000
2016-05-30,20200
2016-05-31,20200
2016-06-01,20200
2016-06-02,20200
2016-06-03,20200
2016-06-07,20100
2016-06-08,20050
2016-06-09,19850
2016-06-10,19900
2016-06-13,19450
2016-06-14,19100
2016-06-15,18700
2016-06-16,18850
2016-06-17,18700
2016-06-20,19050
2016-06-21,18950
2016-06-22,19000
2016-06-23,18950
2016-06-24,18000
2016-06-27,17400
2016-06-28,17900
2016-06-29,18100
2016-06-30,18100
2016-07-01,18400
2016-07-04,18500
2016-07-05,18250
2016-07-06,18150
2016-07-07,18200
2016-07-08,18350
2016-07-11,18550
2016-07-12,18750
2016-07-13,18850
2016-07-14,18800
2016-07-15,18500
2016-07-18,18650
2016-07-19,18400
2016-07-20,18600
2016-07-21,19150
2016-07-22,19700
2016-07-25,19200
2016-07-26,19150
2016-07-27,19400
2016-07-28,19200
2016-07-29,19800
2016-08-01,19750
2016-08-02,19400
2016-08-03,18950
2016-08-04,20450
2016-08-05,20400
2016-08-08,19850
2016-08-09,19700
2016-08-10,20100
2016-08-11,19600
2016-08-12,19650
2016-08-16,19350
2016-08-17,18950
2016-08-18,19550
2016-08-19,19150
2016-08-22,18600
2016-08-23,19500
2016-08-24,19000
2016-08-25,18450
2016-08-26,18600
2016-08-29,18350
2016-08-30,18250
2016-08-31,18050
2016-09-01,17850
2016-09-02,18400
2016-09-05,18200
2016-09-06,18200
2016-09-07,17850
2016-09-08,17250
2016-09-09,16850
2016-09-12,16950
2016-09-13,17450
2016-09-19,17850
2016-09-20,17900
2016-09-21,18150
2016-09-22,18100
2016-09-23,18050
2016-09-26,18200
2016-09-27,18000
2016-09-28,18000
2016-09-29,17950
2016-09-30,17500
2016-10-04,17700
2016-10-05,17950
2016-10-06,18100
2016-10-07,17650
2016-10-10,17850
2016-10-11,17600
2016-10-12,18000
2016-10-13,17700
2016-10-14,17950
2016-10-17,18200
2016-10-18,17900
2016-10-19,18100
2016-10-20,17400
2016-10-21,16600
2016-10-24,16700
2016-10-25,16600
2016-10-26,16900
2016-10-27,16950
2016-10-28,16700
2016-10-31,17700
2016-11-01,17950
2016-11-02,17650
2016-11-03,18650
2016-11-04,18700
2016-11-07,18800
2016-11-08,19100
2016-11-09,18550
2016-11-10,18750
2016-11-11,18750
2016-11-14,19100
2016-11-15,19100
2016-11-16,19500
2016-11-17,20000
2016-11-18,19750
2016-11-21,18900
2016-11-22,19350
2016-11-23,18650
2016-11-24,18450
2016-11-25,18800
2016-11-28,18950
2016-11-29,18700
2016-11-30,18650
2016-12-01,18400
2016-12-02,17600
2016-12-05,17650
2016-12-06,17900
2016-12-07,17800
2016-12-08,18150
2016-12-09,18400
2016-12-12,18500
2016-12-13,18650
2016-12-14,18800
2016-12-15,19050
2016-12-16,19050
2016-12-19,19150
2016-12-20,19100
2016-12-21,19350
2016-12-22,19500
2016-12-23,19750
2016-12-26,19850
2016-12-27,20050
2016-12-28,19800
2016-12-29,20550
2017-01-02,20550
2017-01-03,20550
2017-01-04,19700
2017-01-05,20100
2017-01-06,20000
2017-01-09,19700
2017-01-10,19850
2017-01-11,19750
2017-01-12,19800
2017-01-13,19850
2017-01-16,19350
2017-01-17,19450
2017-01-18,19100
2017-01-19,19100
2017-01-20,18800
2017-01-23,19350
2017-01-24,19650
2017-01-25,19350
2017-01-26,19350
2017-01-31,19450
2017-02-01,20150
2017-02-02,19850
2017-02-03,19600
2017-02-06,19700
2017-02-07,20150
2017-02-08,20200
2017-02-09,20250
2017-02-10,20100
2017-02-13,19950
2017-02-14,19900
2017-02-15,19800
2017-02-16,19900
2017-02-17,20550
2017-02-20,20700
2017-02-21,20650
2017-02-22,20550
2017-02-23,20400
2017-02-24,20400
2017-02-27,20350
2017-02-28,20450
2017-03-02,20300
2017-03-03,19900
2017-03-06,20000
2017-03-07,20250
2017-03-08,21250
2017-03-09,21100
2017-03-10,21300
2017-03-13,21600
2017-03-14,21500
2017-03-15,21400
2017-03-16,21700
2017-03-17,22150
2017-03-20,22500
2017-03-21,21850
2017-03-22,21550
2017-03-23,21650
2017-03-24,21600
2017-03-27,21700
2017-03-28,22100
2017-03-29,22150
2017-03-30,22850
2017-03-31,22650
2017-04-03,23050
2017-04-04,23150
2017-04-05,23000
2017-04-06,22900
2017-04-07,23150
2017-04-10,22950
2017-04-11,22650
2017-04-12,23100
2017-04-13,23400
2017-04-14,22900
2017-04-17,23300
2017-04-18,23350
2017-04-19,23950
2017-04-20,23900
2017-04-21,23800
2017-04-24,23300
2017-04-25,23500
2017-04-26,23200
2017-04-27,23000
2017-04-28,23050
2017-05-02,22850
2017-05-04,23000
2017-05-08,23150
2017-05-10,23050
2017-05-11,22750
2017-05-12,22500
2017-05-15,22750
2017-05-16,22350
2017-05-17,22450
2017-05-18,22350
2017-05-19,22450
2017-05-22,22350
2017-05-23,22800
2017-05-24,22650
2017-05-25,22600
2017-05-26,22350
2017-05-29,21850
2017-05-30,22000
2017-05-31,22250
2017-06-01,22200
2017-06-02,22400
2017-06-05,23200
2017-06-07,23300
2017-06-08,23150
2017-06-09,22550
2017-06-12,22250
2017-06-13,22600
2017-06-14,22150
2017-06-15,21550
2017-06-16,22150
2017-06-19,22200
2017-06-20,21800
2017-06-21,21000
2017-06-22,20800
2017-06-23,20850
2017-06-26,20450
2017-06-27,20850
2017-06-28,20350
2017-06-29,20450
2017-06-30,20000
2017-07-03,19550
2017-07-04,19550
2017-07-05,19800
2017-07-06,19700
2017-07-07,19450
2017-07-10,19100
2017-07-11,19550
2017-07-12,20150
2017-07-13,20050
2017-07-14,20100
2017-07-17,20150
2017-07-18,20200
2017-07-19,20150
2017-07-20,20500
2017-07-21,20650
2017-07-24,20300
2017-07-25,20800
2017-07-26,20450
2017-07-27,20650
2017-07-28,20500
2017-07-31,20900
2017-08-01,20900
2017-08-02,20500
2017-08-03,19850
2017-08-04,19950
2017-08-07,19950
2017-08-08,19600
2017-08-09,19500
2017-08-10,19300
2017-08-11,19100
2017-08-14,19400
2017-08-16,19200
2017-08-17,19400
2017-08-18,19650
2017-08-21,19450
2017-08-22,19700
2017-08-23,19650
2017-08-24,19600
2017-08-25,19950
2017-08-28,19800
2017-08-29,19700
2017-08-30,19650
2017-08-31,19500
2017-09-01,20300
2017-09-04,19800
2017-09-05,19650
2017-09-06,19350
2017-09-07,19350
2017-09-08,19250
2017-09-11,19300
2017-09-12,19250
2017-09-13,18850
2017-09-14,18700
2017-09-15,18650
2017-09-18,19150
2017-09-19,19100
2017-09-20,18700
2017-09-21,18100
2017-09-22,17650
2017-09-25,17050
2017-09-26,17300
2017-09-27,17500
2017-09-28,17600
2017-09-29,17900
2017-10-10,17450
2017-10-11,17600
2017-10-12,17650
2017-10-13,17900
2017-10-16,17600
2017-10-17,17650
2017-10-18,17700
2017-10-19,18050
2017-10-20,18200
2017-10-23,17850
2017-10-24,17800
2017-10-25,17750
2017-10-26,17800
2017-10-27,17800
2017-10-30,17350
2017-10-31,17050
2017-11-01,17300
2017-11-02,16850
2017-11-03,17000
2017-11-06,16950
2017-11-07,17050
2017-11-08,17150
2017-11-09,17300
2017-11-10,17500
2017-11-13,17600
2017-11-14,17800
2017-11-15,17500
2017-11-16,17400
2017-11-17,17450
2017-11-20,17450
2017-11-21,17650
2017-11-22,18350
2017-11-23,18800
2017-11-24,18850
2017-11-27,19000
2017-11-28,19100
2017-11-29,18900
2017-11-30,18400
2017-12-01,19800
2017-12-04,20400
2017-12-05,20250
2017-12-06,19350
2017-12-07,19800
2017-12-08,19550
2017-12-11,19750
2017-12-12,20650
2017-12-13,20150
2017-12-14,20250
2017-12-15,19800
2017-12-18,20200
2017-12-19,19600
2017-12-20,19000
2017-12-21,18700
2017-12-22,19250
2017-12-26,19100
2017-12-27,19700
2017-12-28,20150
2018-01-02,20500
2018-01-03,20150
2018-01-04,19650
2018-01-05,19800
2018-01-08,22250
2018-01-09,21650
2018-01-10,21650
2018-01-11,21650
2018-01-12,21150
2018-01-15,20750
2018-01-16,21100
2018-01-17,21550
2018-01-18,21800
2018-01-19,22400
2018-01-22,22850
2018-01-23,22800
2018-01-24,23100
2018-01-25,23200
2018-01-26,22700
2018-01-29,22300
2018-01-30,22350
2018-01-31,21250
2018-02-01,21350
2018-02-02,20350
2018-02-05,19750
2018-02-06,19950
2018-02-07,19000
2018-02-08,19450
2018-02-09,18700
2018-02-12,18700
2018-02-13,18700
2018-02-14,18350
2018-02-19,18850
2018-02-20,18900
2018-02-21,19200
2018-02-22,19000
2018-02-23,18800
2018-02-26,18550
2018-02-27,19000
2018-02-28,18300
2018-03-02,18100
2018-03-05,17400
2018-03-06,17850
2018-03-07,17600
2018-03-08,17900
2018-03-09,18150
2018-03-12,18350
2018-03-13,18250
2018-03-14,17950
2018-03-15,18300
2018-03-16,18400
2018-03-19,18100
2018-03-20,18200
2018-03-21,18100
2018-03-22,18200
2018-03-23,17450
2018-03-26,17400
2018-03-27,18100
2018-03-28,18250
2018-03-29,18400
2018-03-30,18550
2018-04-02,18500
2018-04-03,18500
2018-04-04,18450
2018-04-05,19000
2018-04-06,19000
2018-04-09,18750
2018-04-10,18500
2018-04-11,18800
2018-04-12,19100
2018-04-13,19000
2018-04-16,18750
2018-04-17,18650
2018-04-18,18750
2018-04-19,18700
2018-04-20,18850
2018-04-23,18400
2018-04-24,18200
2018-04-25,17750
2018-04-26,17800
2018-04-27,17650
2018-04-30,17450
2018-05-02,17150
2018-05-03,17750
2018-05-04,18000
2018-05-08,17550
2018-05-09,17650
2018-05-10,18200
2018-05-11,18300
2018-05-14,18200
2018-05-15,18500
2018-05-16,18200
2018-05-17,18200
2018-05-18,18550
2018-05-21,18600
2018-05-23,18450
2018-05-24,18450
2018-05-25,18250
2018-05-28,17850
2018-05-29,17850
2018-05-30,18000
2018-05-31,17850
2018-06-01,17900
2018-06-04,18100
2018-06-05,18250
2018-06-07,18300
2018-06-08,18050
2018-06-11,18150
2018-06-12,18000
2018-06-14,17900
2018-06-15,17900
2018-06-18,17700
2018-06-19,17250
2018-06-20,17400
2018-06-21,17200
2018-06-22,17300
2018-06-25,17750
2018-06-26,18000
2018-06-27,18350
2018-06-28,18450
2018-06-29,18700
2018-07-02,19600
2018-07-03,19850
2018-07-04,19850
2018-07-05,19650
2018-07-06,19700
2018-07-09,19750
2018-07-10,19750
2018-07-11,19750
2018-07-12,19950
2018-07-13,20000
2018-07-16,20400
2018-07-17,20150
2018-07-18,20250
2018-07-19,19750
2018-07-20,19800
2018-07-23,18900
2018-07-24,19100
2018-07-25,18750
2018-07-26,18950
2018-07-27,19200
2018-07-30,19100
2018-07-31,18400
2018-08-01,18700
2018-08-02,18700
2018-08-03,18800
2018-08-06,18400
2018-08-07,18350
2018-08-08,19150
2018-08-09,19450
2018-08-10,19400
2018-08-13,19100
2018-08-14,19050
2018-08-16,19050
2018-08-17,19050
2018-08-20,19000
2018-08-21,18900
2018-08-22,18800
2018-08-23,18950
2018-08-24,18850
2018-08-27,19050
2018-08-28,19000
2018-08-29,19450
2018-08-30,19800
2018-08-31,19950
2018-09-03,20100
2018-09-04,20050
2018-09-05,20150
2018-09-06,19850
2018-09-07,19600
2018-09-10,19700
2018-09-11,19900
2018-09-12,19900
2018-09-13,19900
2018-09-14,19700
2018-09-17,19300
2018-09-18,19150
2018-09-19,19150
2018-09-20,19100
2018-09-21,19300
2018-09-27,18850
2018-09-28,18300
2018-10-01,17950
2018-10-02,17800
2018-10-04,17350
2018-10-05,17500
2018-10-08,17300
2018-10-10,16900
2018-10-11,16250
2018-10-12,16600
2018-10-15,16450
2018-10-16,16650
2018-10-17,16650
2018-10-18,16600
2018-10-19,16900
2018-10-22,16950
2018-10-23,16000
2018-10-24,15750
2018-10-25,15300
2018-10-26,14450
2018-10-29,13500
2018-10-30,13950
2018-10-31,14200
2018-11-01,14150
2018-11-02,14800
2018-11-05,14500
2018-11-06,14500
2018-11-07,14300
2018-11-08,14600
2018-11-09,14400
2018-11-12,14300
2018-11-13,14100
2018-11-14,14150
2018-11-15,14850
2018-11-16,14900
2018-11-19,14950
2018-11-20,14700
2018-11-21,14650
2018-11-22,14750
2018-11-23,14500
2018-11-26,14900
2018-11-27,15000
2018-11-28,15000
2018-11-29,15050
2018-11-30,14950
2018-12-03,15050
2018-12-04,15050
2018-12-05,15050
2018-12-06,14800
2018-12-07,14900
2018-12-10,14350
2018-12-11,14200
2018-12-12,14600
2018-12-13,14600
2018-12-14,14400
2018-12-17,14400
2018-12-18,14350
2018-12-19,14450
2018-12-20,14350
2018-12-21,14450
2018-12-24,14500
2018-12-26,14100
2018-12-27,14350
2018-12-28,14600
2019-01-02,15200
2019-01-03,15500
2019-01-04,15500
2019-01-07,15550
2019-01-08,15400
2019-01-09,15450
2019-01-10,15550
2019-01-11,15800
2019-01-14,15650
2019-01-15,15650
2019-01-16,15600
2019-01-17,15550
2019-01-18,15550
2019-01-21,15600
2019-01-22,15500
2019-01-23,15550
2019-01-24,15650
2019-01-25,15700
2019-01-28,16050
2019-01-29,15800
2019-01-30,15800
2019-01-31,15650
2019-02-01,15600
2019-02-07,15550
2019-02-08,15400
2019-02-11,15150
2019-02-12,15150
2019-02-13,15450
2019-02-14,15600
2019-02-15,15600
2019-02-18,15650
2019-02-19,15500
2019-02-20,15500
2019-02-21,15850
2019-02-22,15900
2019-02-25,15950
2019-02-26,16200
2019-02-27,16200
2019-02-28,15800
2019-03-04,15900
2019-03-05,15550
2019-03-06,15600
2019-03-07,15450
2019-03-08,15400
2019-03-11,15150
2019-03-12,15050
2019-03-13,15350
2019-03-14,15350
2019-03-15,15150
2019-03-18,15350
2019-03-19,15250
2019-03-20,15450
2019-03-21,15450
2019-03-22,15450
2019-03-25,15200
2019-03-26,15600
2019-03-27,15500
2019-03-28,15250
2019-03-29,15300
2019-04-01,15400
2019-04-02,15250
2019-04-03,15300
2019-04-04,15500
2019-04-05,15400
2019-04-08,15650
2019-04-09,15650
2019-04-10,15550
2019-04-11,15700
2019-04-12,15950
2019-04-15,16150
2019-04-16,15750
2019-04-17,16000
2019-04-18,15850
2019-04-19,16000
2019-04-22,15900
2019-04-23,15850
2019-04-24,15900
2019-04-25,15850
2019-04-26,15450
2019-04-29,15400
2019-04-30,15550
2019-05-02,15600
2019-05-03,16750
2019-05-07,16800
2019-05-08,16350
2019-05-09,15600
2019-05-10,15300
2019-05-13,15150
2019-05-14,14800
2019-05-15,15150
2019-05-16,14750
2019-05-17,14250
2019-05-20,14300
2019-05-21,14000
2019-05-22,13900
2019-05-23,13550
2019-05-24,13200
2019-05-27,13100
2019-05-28,13050
2019-05-29,13050
2019-05-30,13300
2019-05-31,13200
2019-06-03,13050
2019-06-04,13150
2019-06-05,13250
2019-06-07,13600
2019-06-10,13850
2019-06-11,13900
2019-06-12,13800
2019-06-13,13900
2019-06-14,13750
2019-06-17,13650
2019-06-18,13750
2019-06-19,14100
2019-06-20,14050
2019-06-21,14050
2019-06-24,14100
2019-06-25,14100
2019-06-26,14050
2019-06-27,14050
2019-06-28,13800
2019-07-01,13850
2019-07-02,13850
2019-07-03,13700
2019-07-04,13650
2019-07-05,13800
2019-07-08,13150
2019-07-09,13100
2019-07-10,13000
2019-07-11,13250
2019-07-12,13300
2019-07-15,13000
2019-07-16,12950
2019-07-17,12500
2019-07-18,12600
2019-07-19,12950
2019-07-22,12900
2019-07-23,12650
2019-07-24,12300
2019-07-25,11650
2019-07-26,11650
2019-07-29,11400
2019-07-30,11600
2019-07-31,11700
2019-08-01,11600
2019-08-02,11650
2019-08-05,10700
2019-08-06,10250
2019-08-07,10600
2019-08-08,10950
2019-08-09,11100
2019-08-12,11350
2019-08-13,11350
2019-08-14,11300
2019-08-16,10450
2019-08-19,10800
2019-08-20,10850
2019-08-21,11000
2019-08-22,11200
2019-08-23,11250
2019-08-26,10700
2019-08-27,10750
2019-08-28,10850
2019-08-29,10750
2019-08-30,10900
2019-09-02,11200
2019-09-03,11250
2019-09-04,11200
2019-09-05,11150
2019-09-06,11050
2019-09-09,11300
2019-09-10,11350
2019-09-11,11400
2019-09-16,11450
2019-09-17,11400
2019-09-18,11550
2019-09-19,11650
2019-09-20,11600
2019-09-23,11650
2019-09-24,11700
2019-09-25,11400
2019-09-26,11400
2019-09-27,11550
2019-09-30,11300
2019-10-01,11350
2019-10-02,11350
2019-10-04,11300
2019-10-07,10950
2019-10-08,11400
2019-10-10,11300
2019-10-11,11300
2019-10-14,11300
2019-10-15,11650
2019-10-16,11750
2019-10-17,12050
2019-10-18,11800
2019-10-21,11750
2019-10-22,11750
2019-10-23,11750
2019-10-24,11650
2019-10-25,11650
2019-10-28,11550
2019-10-29,11700
2019-10-30,11500
2019-10-31,11550
2019-11-01,11400
2019-11-04,11600
2019-11-05,11650
2019-11-06,11800
2019-11-07,12300
2019-11-08,12200
2019-11-11,11850
2019-11-12,12000
2019-11-13,12100
2019-11-14,12000
2019-11-15,12000
2019-11-18,11700
2019-11-19,11500
2019-11-20,11300
2019-11-21,11050
2019-11-22,10850
2019-11-25,11000
2019-11-26,11200
2019-11-27,11200
2019-11-28,11000
2019-11-29,10900
2019-12-02,10850
2019-12-03,10800
2019-12-04,10900
2019-12-05,10800
2019-12-06,10850
2019-12-09,10900
2019-12-10,10850
2019-12-11,10700
2019-12-12,10650
2019-12-13,10800
2019-12-16,10950
2019-12-17,11050
2019-12-18,11050
2019-12-19,10900
2019-12-20,10950
2019-12-23,11000
2019-12-24,10800
2019-12-26,11000
2019-12-27,11000
2019-12-30,11200
2020-01-02,11350
2020-01-03,11300
2020-01-06,11350
2020-01-07,11650
2020-01-08,11400
2020-01-09,11700
2020-01-10,11700
2020-01-13,11700
2020-01-14,11500
2020-01-15,11800
2020-01-16,11800
2020-01-17,11800
2020-01-20,11450
2020-01-21,11300
2020-01-22,11800
2020-01-23,12150
2020-01-28,11900
2020-01-29,11900
2020-01-30,11450
2020-01-31,11200
2020-02-03,11050
2020-02-04,11000
2020-02-05,11150
2020-02-06,11300
2020-02-07,11200
2020-02-10,11100
2020-02-11,11100
2020-02-12,11300
2020-02-13,11400
2020-02-14,11550
2020-02-17,11550
2020-02-18,11450
2020-02-19,11400
2020-02-20,11100
2020-02-21,10950
2020-02-24,10450
2020-02-25,10600
2020-02-26,10350
2020-02-27,9990
2020-02-28,9210
2020-03-02,9600
2020-03-03,9860
2020-03-04,10050
2020-03-05,10100
2020-03-06,9940
2020-03-09,9770
2020-03-10,9690
2020-03-11,9770
2020-03-12,8930
2020-03-13,7930
2020-03-16,7300
2020-03-17,7180
2020-03-18,7150
2020-03-19,6420
2020-03-20,6770
2020-03-23,6540
2020-03-24,6860
2020-03-25,7070
2020-03-26,7410
2020-03-27,7350
2020-03-30,7960
2020-03-31,8100
2020-04-01,7860
2020-04-02,8110
2020-04-03,8200
2020-04-06,8700
2020-04-07,8760
2020-04-08,8760
2020-04-09,10100
2020-04-10,10100
2020-04-13,10050
2020-04-14,10200
2020-04-16,10250
2020-04-17,10550
2020-04-20,10350
2020-04-21,10050
2020-04-22,10500
2020-04-23,10750
2020-04-24,10700
2020-04-27,11200
2020-04-28,11350
2020-04-29,11400
2020-05-04,11850
2020-05-06,11750
2020-05-07,12250
2020-05-08,12100
2020-05-11,12750
2020-05-12,12600
2020-05-13,12550
2020-05-14,12150
2020-05-15,12100
2020-05-18,12600
2020-05-19,12150
2020-05-20,12100
2020-05-21,12300
2020-05-22,12000
2020-05-25,12500
2020-05-26,12450
2020-05-27,12100
2020-05-28,11650
2020-05-29,11700
2020-06-01,11950
2020-06-02,12050
2020-06-03,11900
2020-06-04,12150
2020-06-05,12050
2020-06-08,11950
2020-06-09,12050
2020-06-10,12350
2020-06-11,12500
2020-06-12,12300
2020-06-15,11450
2020-06-16,11900
2020-06-17,11800
2020-06-18,12450
2020-06-19,12450
2020-06-22,12400
2020-06-23,13700
2020-06-24,13650
2020-06-25,13050
2020-06-26,13000
2020-06-29,12500
2020-06-30,12450
2020-07-01,12500
2020-07-02,12300
2020-07-03,12250
2020-07-06,12300
2020-07-07,12350
2020-07-08,12800
2020-07-09,13900
2020-07-10,14050
2020-07-13,13850
2020-07-14,13700
2020-07-15,13500
2020-07-16,13250
2020-07-17,13450
2020-07-20,13350
2020-07-21,13600
2020-07-22,13350
2020-07-23,13000
2020-07-24,12550
2020-07-27,12650
2020-07-28,12650
