,086900
2009-01-16,14256
2009-01-19,16372
2009-01-20,16786
2009-01-21,16372
2009-01-22,14578
2009-01-23,13106
2009-01-28,15038
2009-01-29,13704
2009-01-30,14256
2009-02-02,14762
2009-02-03,15360
2009-02-04,14762
2009-02-05,14073
2009-02-06,14855
2009-02-09,14487
2009-02-10,14349
2009-02-11,14762
2009-02-12,14900
2009-02-13,15682
2009-02-16,17476
2009-02-17,17154
2009-02-18,19683
2009-02-19,17200
2009-02-20,16418
2009-02-23,18855
2009-02-24,18441
2009-02-25,17936
2009-02-26,18855
2009-02-27,19223
2009-03-02,18119
2009-03-03,18395
2009-03-04,20327
2009-03-05,20419
2009-03-06,20925
2009-03-09,22994
2009-03-10,21063
2009-03-11,22259
2009-03-12,22397
2009-03-13,21338
2009-03-16,20833
2009-03-17,21615
2009-03-18,21338
2009-03-19,20878
2009-03-20,21247
2009-03-23,21385
2009-03-24,21016
2009-03-25,22350
2009-03-26,22672
2009-03-27,22166
2009-03-30,20603
2009-03-31,21615
2009-04-01,22259
2009-04-02,25569
2009-04-03,25616
2009-04-06,26167
2009-04-07,25339
2009-04-08,25017
2009-04-09,25754
2009-04-10,26995
2009-04-13,26306
2009-04-14,27455
2009-04-15,26398
2009-04-16,24973
2009-04-17,22949
2009-04-20,23914
2009-04-21,23914
2009-04-22,26398
2009-04-23,25891
2009-04-24,27317
2009-04-27,28467
2009-04-28,25662
2009-04-29,26489
2009-04-30,26029
2009-05-04,26673
2009-05-06,26122
2009-05-07,25294
2009-05-08,25386
2009-05-11,24557
2009-05-12,24650
2009-05-13,26351
2009-05-14,26489
2009-05-15,25938
2009-05-18,26950
2009-05-19,27363
2009-05-20,27133
2009-05-21,26214
2009-05-22,26214
2009-05-25,25017
2009-05-26,24374
2009-05-27,23639
2009-05-28,23270
2009-05-29,24374
2009-06-01,24512
2009-06-02,23914
2009-06-03,24742
2009-06-04,24099
2009-06-05,23178
2009-06-08,22442
2009-06-09,23270
2009-06-10,23454
2009-06-11,23914
2009-06-12,24190
2009-06-15,23684
2009-06-16,23546
2009-06-17,23500
2009-06-18,24282
2009-06-19,23500
2009-06-22,23270
2009-06-23,22397
2009-06-24,23224
2009-06-25,23408
2009-06-26,23454
2009-06-29,23454
2009-06-30,23454
2009-07-01,23178
2009-07-02,22765
2009-07-03,22765
2009-07-06,23224
2009-07-07,22994
2009-07-08,22442
2009-07-09,22350
2009-07-10,22028
2009-07-13,20373
2009-07-14,20787
2009-07-15,21338
2009-07-16,20556
2009-07-17,21431
2009-07-20,21431
2009-07-21,21431
2009-07-22,21937
2009-07-23,22166
2009-07-24,22397
2009-07-27,22213
2009-07-28,21799
2009-07-29,21983
2009-07-30,21706
2009-07-31,21706
2009-08-03,22075
2009-08-04,21753
2009-08-05,21293
2009-08-06,20878
2009-08-07,21155
2009-08-10,21338
2009-08-11,20971
2009-08-12,21523
2009-08-13,22580
2009-08-14,21890
2009-08-17,20787
2009-08-18,20741
2009-08-19,20373
2009-08-20,19775
2009-08-21,19500
2009-08-24,19638
2009-08-25,19086
2009-08-26,19729
2009-08-27,19223
2009-08-28,20878
2009-08-31,20235
2009-09-01,19960
2009-09-02,19269
2009-09-03,19361
2009-09-04,19086
2009-09-07,18441
2009-09-08,18349
2009-09-09,17936
2009-09-10,18395
2009-09-11,18166
2009-09-14,18763
2009-09-15,20787
2009-09-16,19960
2009-09-17,20235
2009-09-18,21247
2009-09-21,21109
2009-09-22,21753
2009-09-23,21661
2009-09-24,21155
2009-09-25,20465
2009-09-28,20833
2009-09-29,21523
2009-09-30,20878
2009-10-01,20833
2009-10-05,21109
2009-10-06,21706
2009-10-07,21338
2009-10-08,20971
2009-10-09,21016
2009-10-12,20878
2009-10-13,20419
2009-10-14,20833
2009-10-15,20373
2009-10-16,20235
2009-10-19,20556
2009-10-20,20327
2009-10-21,20419
2009-10-22,20005
2009-10-23,19591
2009-10-26,19269
2009-10-27,19361
2009-10-28,18579
2009-10-29,19867
2009-10-30,20327
2009-11-02,20373
2009-11-03,20143
2009-11-04,20143
2009-11-05,19683
2009-11-06,19500
2009-11-09,19638
2009-11-10,19683
2009-11-11,19316
2009-11-12,19867
2009-11-13,20235
2009-11-16,20694
2009-11-17,20833
2009-11-18,20465
2009-11-19,20235
2009-11-20,21155
2009-11-23,20971
2009-11-24,20971
2009-11-25,21155
2009-11-26,21706
2009-11-27,20143
2009-11-30,21431
2009-12-01,22075
2009-12-02,22259
2009-12-03,22166
2009-12-04,22075
2009-12-07,21983
2009-12-08,21799
2009-12-09,22120
2009-12-10,21983
2009-12-11,21615
2009-12-14,21844
2009-12-15,22166
2009-12-16,21753
2009-12-17,21338
2009-12-18,21201
2009-12-21,21431
2009-12-22,21706
2009-12-23,21615
2009-12-24,21109
2009-12-28,21155
2009-12-29,21060
2009-12-30,21249
2010-01-04,21628
2010-01-05,21865
2010-01-06,22574
2010-01-07,22669
2010-01-08,24610
2010-01-11,24704
2010-01-12,24752
2010-01-13,25509
2010-01-14,24940
2010-01-15,25225
2010-01-18,25603
2010-01-19,25745
2010-01-20,24515
2010-01-21,26408
2010-01-22,25935
2010-01-25,25272
2010-01-26,25509
2010-01-27,25603
2010-01-28,25082
2010-01-29,23663
2010-02-01,23899
2010-02-02,24657
2010-02-03,25556
2010-02-04,25745
2010-02-05,25130
2010-02-08,25225
2010-02-09,25272
2010-02-10,24610
2010-02-11,24940
2010-02-12,24894
2010-02-16,24752
2010-02-17,25178
2010-02-18,25887
2010-02-19,25745
2010-02-22,26266
2010-02-23,25745
2010-02-24,25651
2010-02-25,25272
2010-02-26,25130
2010-03-02,25272
2010-03-03,26408
2010-03-04,26408
2010-03-05,27544
2010-03-08,27733
2010-03-09,28065
2010-03-10,28017
2010-03-11,27118
2010-03-12,26882
2010-03-15,26644
2010-03-16,27024
2010-03-17,26976
2010-03-18,26692
2010-03-19,26644
2010-03-22,27496
2010-03-23,26882
2010-03-24,26029
2010-03-25,25698
2010-03-26,26171
2010-03-29,25509
2010-03-30,25082
2010-03-31,24894
2010-04-01,24799
2010-04-02,24752
2010-04-05,24137
2010-04-06,24326
2010-04-07,24988
2010-04-08,24894
2010-04-09,24704
2010-04-12,25036
2010-04-13,24799
2010-04-14,24846
2010-04-15,24799
2010-04-16,25461
2010-04-19,26219
2010-04-20,25840
2010-04-21,25698
2010-04-22,24846
2010-04-23,24420
2010-04-26,24610
2010-04-27,24231
2010-04-28,24420
2010-04-29,24468
2010-04-30,24468
2010-05-03,24562
2010-05-04,24137
2010-05-06,24137
2010-05-07,23569
2010-05-10,23757
2010-05-11,24137
2010-05-12,24231
2010-05-13,25225
2010-05-14,24562
2010-05-17,23616
2010-05-18,24041
2010-05-19,23569
2010-05-20,23663
2010-05-24,23569
2010-05-25,22433
2010-05-26,23000
2010-05-27,23000
2010-05-28,23616
2010-05-31,24799
2010-06-01,25225
2010-06-03,25082
2010-06-04,25082
2010-06-07,25082
2010-06-08,25461
2010-06-09,25272
2010-06-10,25082
2010-06-11,24894
2010-06-14,25082
2010-06-15,25272
2010-06-16,25935
2010-06-17,25367
2010-06-18,24846
2010-06-21,25178
2010-06-22,25036
2010-06-23,25461
2010-06-24,25935
2010-06-25,25414
2010-06-28,24894
2010-06-29,24041
2010-06-30,23995
2010-07-01,23853
2010-07-02,23569
2010-07-05,23947
2010-07-06,23899
2010-07-07,23899
2010-07-08,25082
2010-07-09,25272
2010-07-12,25130
2010-07-13,25272
2010-07-14,25603
2010-07-15,25509
2010-07-16,25082
2010-07-19,25082
2010-07-20,25178
2010-07-21,26124
2010-07-22,27166
2010-07-23,27212
2010-07-26,26882
2010-07-27,27496
2010-07-28,28395
2010-07-29,28159
2010-07-30,27260
2010-08-02,27449
2010-08-03,27070
2010-08-04,26503
2010-08-05,26550
2010-08-06,25887
2010-08-09,26550
2010-08-10,26408
2010-08-11,26313
2010-08-12,26219
2010-08-13,26408
2010-08-16,26928
2010-08-17,26692
2010-08-18,26313
2010-08-19,26361
2010-08-20,26692
2010-08-23,27070
2010-08-24,26739
2010-08-25,27639
2010-08-26,26976
2010-08-27,26503
2010-08-30,26692
2010-08-31,26077
2010-09-01,26219
2010-09-02,26313
2010-09-03,27070
2010-09-06,26597
2010-09-07,26597
2010-09-08,26313
2010-09-09,26503
2010-09-10,26503
2010-09-13,26786
2010-09-14,27544
2010-09-15,28017
2010-09-16,28395
2010-09-17,28207
2010-09-20,27591
2010-09-24,27781
2010-09-27,28017
2010-09-28,27639
2010-09-29,28632
2010-09-30,28585
2010-10-01,29058
2010-10-04,29390
2010-10-05,29152
2010-10-06,28585
2010-10-07,28774
2010-10-08,28395
2010-10-11,28869
2010-10-12,28490
2010-10-13,29295
2010-10-14,29011
2010-10-15,29295
2010-10-18,30005
2010-10-19,30005
2010-10-20,30856
2010-10-21,30620
2010-10-22,30099
2010-10-25,30005
2010-10-26,30762
2010-10-27,30620
2010-10-28,31094
2010-10-29,30478
2010-11-01,30195
2010-11-02,30052
2010-11-03,30336
2010-11-04,30336
2010-11-05,29721
2010-11-08,29484
2010-11-09,29532
2010-11-10,28869
2010-11-11,28301
2010-11-12,27875
2010-11-15,27354
2010-11-16,26408
2010-11-17,28111
2010-11-18,29295
2010-11-19,29342
2010-11-22,28869
2010-11-23,28680
2010-11-24,28301
2010-11-25,27875
2010-11-26,26928
2010-11-29,27118
2010-11-30,27496
2010-12-01,27496
2010-12-02,27402
2010-12-03,27354
2010-12-06,28017
2010-12-07,27639
2010-12-08,27828
2010-12-09,27544
2010-12-10,27686
2010-12-13,27969
2010-12-14,27875
2010-12-15,27496
2010-12-16,27307
2010-12-17,27024
2010-12-20,26786
2010-12-21,27875
2010-12-22,27402
2010-12-23,27307
2010-12-24,27449
2010-12-27,27402
2010-12-28,27260
2010-12-29,27212
2010-12-30,27166
2011-01-03,26928
2011-01-04,26219
2011-01-05,26882
2011-01-06,27118
2011-01-07,27024
2011-01-10,27166
2011-01-11,27449
2011-01-12,27496
2011-01-13,27639
2011-01-14,27402
2011-01-17,26882
2011-01-18,26976
2011-01-19,27070
2011-01-20,26928
2011-01-21,26834
2011-01-24,26882
2011-01-25,26692
2011-01-26,26928
2011-01-27,27070
2011-01-28,26882
2011-01-31,26882
2011-02-01,27166
2011-02-07,27354
2011-02-08,26976
2011-02-09,26550
2011-02-10,26077
2011-02-11,25178
2011-02-14,24940
2011-02-15,25745
2011-02-16,25130
2011-02-17,25082
2011-02-18,25178
2011-02-21,24988
2011-02-22,24373
2011-02-23,23805
2011-02-24,23757
2011-02-25,24752
2011-02-28,24846
2011-03-02,24846
2011-03-03,25178
2011-03-04,24988
2011-03-07,24137
2011-03-08,24420
2011-03-09,24278
2011-03-10,23805
2011-03-11,23616
2011-03-14,22433
2011-03-15,21439
2011-03-16,21297
2011-03-17,21155
2011-03-18,21344
2011-03-21,22101
2011-03-22,22716
2011-03-23,22433
2011-03-24,22622
2011-03-25,22574
2011-03-28,22054
2011-03-29,22338
2011-03-30,22385
2011-03-31,22622
2011-04-01,22291
2011-04-04,22764
2011-04-05,23379
2011-04-06,24610
2011-04-07,24468
2011-04-08,24231
2011-04-11,24137
2011-04-12,23474
2011-04-13,23474
2011-04-14,22906
2011-04-15,24041
2011-04-18,23237
2011-04-19,23805
2011-04-20,23521
2011-04-21,23711
2011-04-22,23379
2011-04-25,22764
2011-04-26,22149
2011-04-27,22669
2011-04-28,22433
2011-04-29,21675
2011-05-02,21723
2011-05-03,21723
2011-05-04,21865
2011-05-06,21723
2011-05-09,21675
2011-05-11,21533
2011-05-12,21486
2011-05-13,22101
2011-05-16,21817
2011-05-17,21391
2011-05-18,21202
2011-05-19,21155
2011-05-20,20870
2011-05-23,20445
2011-05-24,20350
2011-05-25,20303
2011-05-26,20776
2011-05-27,20350
2011-05-30,20540
2011-05-31,20540
2011-06-01,20350
2011-06-02,20161
2011-06-03,20161
2011-06-07,19072
2011-06-08,18788
2011-06-09,18504
2011-06-10,18883
2011-06-13,19214
2011-06-14,18788
2011-06-15,18836
2011-06-16,18552
2011-06-17,17416
2011-06-20,18031
2011-06-21,17984
2011-06-22,18694
2011-06-23,18694
2011-06-24,19687
2011-06-27,19593
2011-06-28,19167
2011-06-29,18836
2011-06-30,18883
2011-07-01,19072
2011-07-04,19545
2011-07-05,19641
2011-07-06,19641
2011-07-07,19971
2011-07-08,19877
2011-07-11,19593
2011-07-12,19309
2011-07-13,18978
2011-07-14,18742
2011-07-15,19214
2011-07-18,19593
2011-07-19,22527
2011-07-20,22149
2011-07-21,22007
2011-07-22,21959
2011-07-25,21249
2011-07-26,21533
2011-07-27,22716
2011-07-28,22527
2011-07-29,22812
2011-08-01,22338
2011-08-02,21581
2011-08-03,20824
2011-08-04,20492
2011-08-05,19214
2011-08-08,17511
2011-08-09,16091
2011-08-10,16943
2011-08-11,17227
2011-08-12,18646
2011-08-16,20161
2011-08-17,20824
2011-08-18,21344
2011-08-19,20587
2011-08-22,19735
2011-08-23,19783
2011-08-24,19404
2011-08-25,19971
2011-08-26,19641
2011-08-29,19783
2011-08-30,19971
2011-08-31,20445
2011-09-01,20256
2011-09-02,19783
2011-09-05,19356
2011-09-06,18646
2011-09-07,18788
2011-09-08,19025
2011-09-09,19120
2011-09-14,18978
2011-09-15,18930
2011-09-16,19783
2011-09-19,19262
2011-09-20,18930
2011-09-21,19025
2011-09-22,18836
2011-09-23,17795
2011-09-26,16848
2011-09-27,17558
2011-09-28,17416
2011-09-29,17889
2011-09-30,18268
2011-10-04,17321
2011-10-05,16470
2011-10-06,16233
2011-10-07,16612
2011-10-10,16848
2011-10-11,17132
2011-10-12,17274
2011-10-13,17416
2011-10-14,17132
2011-10-17,19687
2011-10-18,20918
2011-10-19,20019
2011-10-20,18930
2011-10-21,19971
2011-10-24,20303
2011-10-25,20540
2011-10-26,20445
2011-10-27,20350
2011-10-28,19877
2011-10-31,19545
2011-11-01,19451
2011-11-02,20161
2011-11-03,19593
2011-11-04,19735
2011-11-07,20540
2011-11-08,19877
2011-11-09,20066
2011-11-10,18646
2011-11-11,19356
2011-11-14,20256
2011-11-15,19925
2011-11-16,19641
2011-11-17,20728
2011-11-18,22906
2011-11-21,22527
2011-11-22,23379
2011-11-23,22574
2011-11-24,25130
2011-11-25,25367
2011-11-28,24373
2011-11-29,24373
2011-11-30,24420
2011-12-01,24137
2011-12-02,24041
2011-12-05,23332
2011-12-06,23237
2011-12-07,23899
2011-12-08,23663
2011-12-09,23711
2011-12-12,23237
2011-12-13,22716
2011-12-14,22054
2011-12-15,21770
2011-12-16,22433
2011-12-19,20824
2011-12-20,21817
2011-12-21,22906
2011-12-22,23048
2011-12-23,22906
2011-12-26,23569
2011-12-27,24089
2011-12-28,23569
2011-12-29,23379
2012-01-02,24515
2012-01-03,24515
2012-01-04,24468
2012-01-05,24420
2012-01-06,23995
2012-01-09,24468
2012-01-10,24610
2012-01-11,24610
2012-01-12,24610
2012-01-13,25130
2012-01-16,24894
2012-01-17,24988
2012-01-18,24468
2012-01-19,23899
2012-01-20,23000
2012-01-25,22716
2012-01-26,23995
2012-01-27,23426
2012-01-30,23000
2012-01-31,23426
2012-02-01,24610
2012-02-02,24657
2012-02-03,25367
2012-02-06,26361
2012-02-07,26597
2012-02-08,26597
2012-02-09,29910
2012-02-10,28964
2012-02-13,29768
2012-02-14,30431
2012-02-15,32087
2012-02-16,31708
2012-02-17,31708
2012-02-20,31140
2012-02-21,30195
2012-02-22,30573
2012-02-23,30856
2012-02-24,32323
2012-02-27,31614
2012-02-28,30241
2012-02-29,30289
2012-03-02,33744
2012-03-05,34548
2012-03-06,33412
2012-03-07,35210
2012-03-08,35542
2012-03-09,35684
2012-03-12,35210
2012-03-13,35022
2012-03-14,35022
2012-03-15,35494
2012-03-16,35022
2012-03-19,35590
2012-03-20,36157
2012-03-21,35778
2012-03-22,35448
2012-03-23,35448
2012-03-26,35778
2012-03-27,35258
2012-03-28,35210
2012-03-29,34075
2012-03-30,32655
2012-04-02,33602
2012-04-03,33649
2012-04-04,32892
2012-04-05,34974
2012-04-06,35826
2012-04-09,35873
2012-04-10,35022
2012-04-12,35636
2012-04-13,35636
2012-04-16,35022
2012-04-17,34359
2012-04-18,37861
2012-04-19,39991
2012-04-20,41174
2012-04-23,41126
2012-04-24,41978
2012-04-25,41647
2012-04-26,41174
2012-04-27,41410
2012-04-30,41174
2012-05-02,42309
2012-05-03,45055
2012-05-04,44392
2012-05-07,43540
2012-05-08,42783
2012-05-09,43067
2012-05-10,41552
2012-05-11,44534
2012-05-14,44155
2012-05-15,42026
2012-05-16,41836
2012-05-17,41363
2012-05-18,38003
2012-05-21,40511
2012-05-22,41363
2012-05-23,41410
2012-05-24,41458
2012-05-25,41174
2012-05-29,43067
2012-05-30,43256
2012-05-31,45055
2012-06-01,43918
2012-06-04,41694
2012-06-05,44487
2012-06-07,44439
2012-06-08,44297
2012-06-11,47231
2012-06-12,47800
2012-06-13,47800
2012-06-14,49408
2012-06-15,47988
2012-06-18,48084
2012-06-19,47800
2012-06-20,51207
2012-06-21,51774
2012-06-22,51870
2012-06-25,51491
2012-06-26,51964
2012-06-27,52248
2012-06-28,54899
2012-06-29,55845
2012-07-02,53668
2012-07-03,52627
2012-07-04,53384
2012-07-05,54520
2012-07-06,56791
2012-07-09,56413
2012-07-10,56318
2012-07-11,54899
2012-07-12,54425
2012-07-13,53005
2012-07-16,52532
2012-07-17,53195
2012-07-18,54520
2012-07-19,58116
2012-07-20,58306
2012-07-23,58969
2012-07-24,58684
2012-07-25,60198
2012-07-26,60388
2012-07-27,60104
2012-07-30,58969
2012-07-31,57738
2012-08-01,57832
2012-08-02,59631
2012-08-03,58400
2012-08-06,58212
2012-08-07,58116
2012-08-08,57738
2012-08-09,58212
2012-08-10,60104
2012-08-13,64364
2012-08-14,62944
2012-08-16,65878
2012-08-17,70894
2012-08-20,73072
2012-08-21,74397
2012-08-22,74491
2012-08-23,77047
2012-08-24,73734
2012-08-27,74018
2012-08-28,75438
2012-08-29,81117
2012-08-30,84335
2012-08-31,84145
2012-09-03,80455
2012-09-04,74586
2012-09-05,77899
2012-09-06,77142
2012-09-07,78089
2012-09-10,77520
2012-09-11,82347
2012-09-12,78467
2012-09-13,79318
2012-09-14,72125
2012-09-17,69569
2012-09-18,74964
2012-09-19,78372
2012-09-20,77615
2012-09-21,80360
2012-09-24,80265
2012-09-25,75817
2012-09-26,76195
2012-09-27,74680
2012-09-28,74113
2012-10-02,71463
2012-10-04,74586
2012-10-05,80644
2012-10-08,84241
2012-10-09,84525
2012-10-10,84808
2012-10-11,85566
2012-10-12,91812
2012-10-15,88973
2012-10-16,87270
2012-10-17,88878
2012-10-18,81779
2012-10-19,86607
2012-10-22,86986
2012-10-23,84808
2012-10-24,83862
2012-10-25,84619
2012-10-26,83294
2012-10-29,78089
2012-10-30,79318
2012-10-31,77709
2012-11-01,83767
2012-11-02,82442
2012-11-05,82821
2012-11-06,84051
2012-11-07,83767
2012-11-08,85755
2012-11-09,84525
2012-11-12,85471
2012-11-13,82253
2012-11-14,79130
2012-11-15,75248
2012-11-16,71368
2012-11-19,75060
2012-11-20,73923
2012-11-21,75248
2012-11-22,76668
2012-11-23,79224
2012-11-26,77709
2012-11-27,75438
2012-11-28,77993
2012-11-29,77426
2012-11-30,77993
2012-12-03,77142
2012-12-04,77236
2012-12-05,75721
2012-12-06,69285
2012-12-07,69665
2012-12-10,70989
2012-12-11,68150
2012-12-12,72693
2012-12-13,74018
2012-12-14,75911
2012-12-17,73072
2012-12-18,73072
2012-12-20,71084
2012-12-21,72598
2012-12-24,77142
2012-12-26,76290
2012-12-27,80075
2012-12-28,80928
2013-01-02,78372
2013-01-03,76479
2013-01-04,79792
2013-01-07,80644
2013-01-08,81969
2013-01-09,85092
2013-01-10,84241
2013-01-11,84335
2013-01-14,84808
2013-01-15,81685
2013-01-16,82063
2013-01-17,82063
2013-01-18,82631
2013-01-21,84998
2013-01-22,84998
2013-01-23,82347
2013-01-24,80455
2013-01-25,81306
2013-01-28,79697
2013-01-29,79034
2013-01-30,78561
2013-01-31,78561
2013-02-01,80738
2013-02-04,80455
2013-02-05,81401
2013-02-06,84525
2013-02-07,84714
2013-02-08,82821
2013-02-12,81117
2013-02-13,80075
2013-02-14,80360
2013-02-15,84051
2013-02-18,84335
2013-02-19,85376
2013-02-20,88878
2013-02-21,91718
2013-02-22,95031
2013-02-25,94653
2013-02-26,95410
2013-02-27,97019
2013-02-28,100521
2013-03-04,97682
2013-03-05,103171
2013-03-06,99385
2013-03-07,98627
2013-03-08,97965
2013-03-11,99290
2013-03-12,102981
2013-03-13,103550
2013-03-14,106863
2013-03-15,111690
2013-03-18,106957
2013-03-19,109797
2013-03-20,106010
2013-03-21,102224
2013-03-22,103171
2013-03-25,103644
2013-03-26,105537
2013-03-27,106106
2013-03-28,107904
2013-03-29,108377
2013-04-01,107051
2013-04-02,105064
2013-04-03,110648
2013-04-04,107904
2013-04-05,106294
2013-04-08,100805
2013-04-09,101751
2013-04-10,109039
2013-04-11,113109
2013-04-12,113583
2013-04-15,113393
2013-04-16,114340
2013-04-17,113583
2013-04-18,113109
2013-04-19,109986
2013-04-22,113109
2013-04-23,113583
2013-04-24,123427
2013-04-25,119262
2013-04-26,115381
2013-04-29,116422
2013-04-30,114150
2013-05-02,112825
2013-05-03,116990
2013-05-06,115949
2013-05-07,113677
2013-05-08,112068
2013-05-09,107525
2013-05-10,101278
2013-05-13,94463
2013-05-14,96735
2013-05-15,100426
2013-05-16,105537
2013-05-20,105443
2013-05-21,107335
2013-05-22,108188
2013-05-23,106484
2013-05-24,106957
2013-05-27,110743
2013-05-28,113961
2013-05-29,115760
2013-05-30,113583
2013-05-31,114056
2013-06-03,108282
2013-06-04,105632
2013-06-05,105537
2013-06-07,103171
2013-06-10,108282
2013-06-11,111501
2013-06-12,110838
2013-06-13,109418
2013-06-14,107147
2013-06-17,100994
2013-06-18,102887
2013-06-19,101846
2013-06-20,102036
2013-06-21,100899
2013-06-24,98533
2013-06-25,89920
2013-06-26,93232
2013-06-27,95125
2013-06-28,95125
2013-07-01,97965
2013-07-02,99764
2013-07-03,101467
2013-07-04,100237
2013-07-05,101846
2013-07-08,98249
2013-07-09,96072
2013-07-10,97208
2013-07-11,99952
2013-07-12,101467
2013-07-15,99195
2013-07-16,103360
2013-07-17,104307
2013-07-18,106484
2013-07-19,104685
2013-07-22,108945
2013-07-23,107809
2013-07-24,110270
2013-07-25,111784
2013-07-26,112447
2013-07-29,112447
2013-07-30,111405
2013-07-31,111027
2013-08-01,113867
2013-08-02,112636
2013-08-05,112163
2013-08-06,111027
2013-08-07,110364
2013-08-08,111217
2013-08-09,110270
2013-08-12,110743
2013-08-13,110364
2013-08-14,111217
2013-08-16,108472
2013-08-19,104969
2013-08-20,102414
2013-08-21,99668
2013-08-22,98060
2013-08-23,99385
2013-08-26,99574
2013-08-27,95694
2013-08-28,95788
2013-08-29,100805
2013-08-30,102224
2013-09-02,101656
2013-09-03,104022
2013-09-04,104212
2013-09-05,103360
2013-09-06,101940
2013-09-09,95031
2013-09-10,96072
2013-09-11,96356
2013-09-12,104969
2013-09-13,105916
2013-09-16,104780
2013-09-17,109702
2013-09-23,125036
2013-09-24,125036
2013-09-25,130620
2013-09-26,146711
2013-09-27,146901
2013-09-30,149267
2013-10-01,147279
2013-10-02,151444
2013-10-04,154283
2013-10-07,151444
2013-10-08,148888
2013-10-10,148888
2013-10-11,145291
2013-10-14,145291
2013-10-15,151633
2013-10-16,145670
2013-10-17,141978
2013-10-18,145291
2013-10-21,149361
2013-10-22,154757
2013-10-23,148131
2013-10-24,150497
2013-10-25,149077
2013-10-28,148509
2013-10-29,162044
2013-10-30,163748
2013-10-31,165641
2013-11-01,162518
2013-11-04,161666
2013-11-05,162424
2013-11-06,162044
2013-11-07,164032
2013-11-08,168670
2013-11-11,170468
2013-11-12,171889
2013-11-13,167913
2013-11-14,173024
2013-11-15,175391
2013-11-18,172267
2013-11-19,170374
2013-11-20,170374
2013-11-21,167156
2013-11-22,168670
2013-11-25,167345
2013-11-26,166588
2013-11-27,169806
2013-11-28,168481
2013-11-29,169427
2013-12-02,170280
2013-12-03,165831
2013-12-04,170280
2013-12-05,166967
2013-12-06,166967
2013-12-09,166967
2013-12-10,169617
2013-12-11,166020
2013-12-12,164506
2013-12-13,164695
2013-12-16,161382
2013-12-17,158732
2013-12-18,155608
2013-12-19,157596
2013-12-20,157123
2013-12-23,155229
2013-12-24,155703
2013-12-26,153337
2013-12-27,159489
2013-12-30,160719
2014-01-02,162328
2014-01-03,157123
2014-01-06,159962
2014-01-07,157123
2014-01-08,176716
2014-01-09,176432
2014-01-10,173024
2014-01-13,176432
2014-01-14,173214
2014-01-15,169427
2014-01-16,172646
2014-01-17,169901
2014-01-20,168008
2014-01-21,164695
2014-01-22,165641
2014-01-23,166967
2014-01-24,164695
2014-01-27,159962
2014-01-28,163748
2014-01-29,162802
2014-02-03,159111
2014-02-04,156649
2014-02-05,153337
2014-02-06,153810
2014-02-07,162328
2014-02-10,160341
2014-02-11,159015
2014-02-12,160909
2014-02-13,157880
2014-02-14,154945
2014-02-17,153147
2014-02-18,152106
2014-02-19,157596
2014-02-20,154851
2014-02-21,157596
2014-02-24,155324
2014-02-25,153904
2014-02-26,152390
2014-02-27,146711
2014-02-28,149929
2014-03-03,146333
2014-03-04,153810
2014-03-05,157501
2014-03-06,155041
2014-03-07,161382
2014-03-10,158448
2014-03-11,157312
2014-03-12,157407
2014-03-13,159015
2014-03-14,155041
2014-03-17,149077
2014-03-18,150875
2014-03-19,150213
2014-03-20,148604
2014-03-21,146048
2014-03-24,144534
2014-03-25,140180
2014-03-26,145670
2014-03-27,144818
2014-03-28,144818
2014-03-31,136772
2014-04-01,136772
2014-04-02,144818
2014-04-03,144061
2014-04-04,145764
2014-04-07,140085
2014-04-08,136772
2014-04-09,136299
2014-04-10,136299
2014-04-11,137340
2014-04-14,146143
2014-04-15,142641
2014-04-16,143114
2014-04-17,140085
2014-04-18,141410
2014-04-21,139518
2014-04-22,149834
2014-04-23,157691
2014-04-24,152106
2014-04-25,148415
2014-04-28,145670
2014-04-29,144345
2014-04-30,144439
2014-05-02,142167
2014-05-07,142263
2014-05-08,138193
2014-05-09,138097
2014-05-12,135352
2014-05-13,137246
2014-05-14,138760
2014-05-15,139707
2014-05-16,137246
2014-05-19,134406
2014-05-20,130147
2014-05-21,130431
2014-05-22,130715
2014-05-23,127402
2014-05-26,128916
2014-05-27,131945
2014-05-28,129673
2014-05-29,123899
2014-05-30,124941
2014-06-02,123711
2014-06-03,126361
2014-06-05,121344
2014-06-09,112542
2014-06-10,120682
2014-06-11,125982
2014-06-12,127686
2014-06-13,129390
2014-06-16,129200
2014-06-17,126834
2014-06-18,126266
2014-06-19,125509
2014-06-20,125225
2014-06-23,122858
2014-06-24,127591
2014-06-25,130525
2014-06-26,130431
2014-06-27,130336
2014-06-30,130241
2014-07-01,134501
2014-07-02,138003
2014-07-03,142451
2014-07-04,143398
2014-07-07,143304
2014-07-08,141126
2014-07-09,148415
2014-07-10,149646
2014-07-11,151444
2014-07-14,152012
2014-07-15,149550
2014-07-16,144818
2014-07-17,145102
2014-07-18,145102
2014-07-21,151254
2014-07-22,147374
2014-07-23,147468
2014-07-24,150971
2014-07-25,149361
2014-07-28,150118
2014-07-29,148225
2014-07-30,146617
2014-07-31,145576
2014-08-01,143966
2014-08-04,144818
2014-08-05,148036
2014-08-06,148415
2014-08-07,143872
2014-08-08,141410
2014-08-11,141978
2014-08-12,140464
2014-08-13,147658
2014-08-14,147752
2014-08-18,153242
2014-08-19,159962
2014-08-20,162897
2014-08-21,171321
2014-08-22,180313
2014-08-25,184193
2014-08-26,182395
2014-08-27,186275
2014-08-28,182679
2014-08-29,191198
2014-09-01,192144
2014-09-02,203408
2014-09-03,207762
2014-09-04,193090
2014-09-05,201231
2014-09-11,198297
2014-09-12,198391
2014-09-15,205395
2014-09-16,205301
2014-09-17,199716
2014-09-18,198769
2014-09-19,202839
2014-09-22,205017
2014-09-23,201798
2014-09-24,212778
2014-09-25,204449
2014-09-26,203786
2014-09-29,204449
2014-09-30,212021
2014-10-01,226408
2014-10-02,226408
2014-10-06,225367
2014-10-07,219783
2014-10-08,225178
2014-10-10,225651
2014-10-13,224136
2014-10-14,216754
2014-10-15,219309
2014-10-16,219499
2014-10-17,221675
2014-10-20,230005
2014-10-21,236252
2014-10-22,235400
2014-10-23,239376
2014-10-24,236441
2014-10-27,234265
2014-10-28,240417
2014-10-29,238997
2014-10-30,239660
2014-10-31,236252
2014-11-03,241174
2014-11-04,240417
2014-11-05,239470
2014-11-06,233318
2014-11-07,242309
2014-11-10,239943
2014-11-11,241364
2014-11-12,239943
2014-11-13,231803
2014-11-14,232844
2014-11-17,220066
2014-11-18,216375
2014-11-19,230289
2014-11-20,238239
2014-11-21,237577
2014-11-24,231898
2014-11-25,236157
2014-11-26,230478
2014-11-27,229248
2014-11-28,233602
2014-12-01,236631
2014-12-02,246948
2014-12-03,246475
2014-12-04,263796
2014-12-05,265784
2014-12-08,265784
2014-12-09,267677
2014-12-10,267487
2014-12-11,265215
2014-12-12,267393
2014-12-15,266256
2014-12-16,259347
2014-12-17,265973
2014-12-18,283483
2014-12-19,286323
2014-12-22,279603
2014-12-23,277237
2014-12-24,280644
2014-12-26,270895
2014-12-29,288689
2014-12-30,302887
2015-01-02,306673
2015-01-05,307241
2015-01-06,312163
2015-01-07,314624
2015-01-08,309513
2015-01-09,314056
2015-01-12,317463
2015-01-13,332702
2015-01-14,333176
2015-01-15,338287
2015-01-16,346617
2015-01-19,347468
2015-01-20,345480
2015-01-21,341979
2015-01-22,341695
2015-01-23,357786
2015-01-26,373876
2015-01-27,348983
2015-01-28,354946
2015-01-29,351633
2015-01-30,350403
2015-02-02,342167
2015-02-03,364411
2015-02-04,354946
2015-02-05,373213
2015-02-06,383247
2015-02-09,381165
2015-02-10,361572
2015-02-11,337435
2015-02-12,361572
2015-02-13,357407
2015-02-16,348225
2015-02-17,346427
2015-02-23,341505
2015-02-24,338193
2015-02-25,336205
2015-02-26,325603
2015-02-27,334974
2015-03-02,327970
2015-03-03,329769
2015-03-04,324374
2015-03-05,315571
2015-03-06,339139
2015-03-09,322102
2015-03-10,312921
2015-03-11,316991
2015-03-12,322007
2015-03-13,320871
2015-03-16,335827
2015-03-17,336110
2015-03-18,333555
2015-03-19,337530
2015-03-20,337909
2015-03-23,323521
2015-03-24,325319
2015-03-25,327591
2015-03-26,319263
2015-03-27,306673
2015-03-30,315192
2015-03-31,311122
2015-04-01,305632
2015-04-02,315097
2015-04-03,308377
2015-04-06,304401
2015-04-07,298723
2015-04-08,292475
2015-04-09,320871
2015-04-10,318883
2015-04-13,330053
2015-04-14,335921
2015-04-15,337625
2015-04-16,345386
2015-04-17,372456
2015-04-20,364695
2015-04-21,350213
2015-04-22,342641
2015-04-23,346900
2015-04-24,351160
2015-04-27,358921
2015-04-28,360152
2015-04-29,350213
2015-04-30,351728
2015-05-04,341695
2015-05-06,316328
2015-05-07,329390
2015-05-08,331377
2015-05-11,349740
2015-05-12,341695
2015-05-13,332892
2015-05-14,352106
2015-05-15,361950
2015-05-18,416186
2015-05-19,421107
2015-05-20,463418
2015-05-21,442026
2015-05-22,442310
2015-05-26,445244
2015-05-27,467109
2015-05-28,450450
2015-05-29,440890
2015-06-01,450071
2015-06-02,444866
2015-06-03,425935
2015-06-04,444109
2015-06-05,452911
2015-06-08,444013
2015-06-09,433507
2015-06-10,428775
2015-06-11,493044
2015-06-12,487743
2015-06-15,500047
2015-06-16,503076
2015-06-17,501657
2015-06-18,562235
2015-06-19,536394
2015-06-22,506673
2015-06-23,506673
2015-06-24,532040
2015-06-25,532324
2015-06-26,528160
2015-06-29,511122
2015-06-30,527213
2015-07-01,536489
2015-07-02,557312
2015-07-03,541411
2015-07-06,521155
2015-07-07,460577
2015-07-08,477521
2015-07-09,504875
2015-07-10,501657
2015-07-13,517653
2015-07-14,507999
2015-07-15,515192
2015-07-16,515382
2015-07-17,524374
2015-07-20,558449
2015-07-21,567914
2015-07-22,546806
2015-07-23,547469
2015-07-24,551160
2015-07-27,518505
2015-07-28,531946
2015-07-29,517748
2015-07-30,487080
2015-07-31,503834
2015-08-03,476574
2015-08-04,486418
2015-08-05,509229
2015-08-06,516895
2015-08-07,506105
2015-08-10,509418
2015-08-11,491813
2015-08-12,476100
2015-08-13,462565
2015-08-17,494085
2015-08-18,480171
2015-08-19,472977
2015-08-20,486512
2015-08-21,482726
2015-08-24,456035
2015-08-25,478751
2015-08-26,473734
2015-08-27,469475
2015-08-28,473261
2015-08-31,481875
2015-09-01,458685
2015-09-02,444866
2015-09-03,436157
2015-09-04,398959
2015-09-07,403692
2015-09-08,378609
2015-09-09,435495
2015-09-10,439755
2015-09-11,444109
2015-09-14,437672
2015-09-15,443730
2015-09-16,457644
2015-09-17,452059
2015-09-18,465689
2015-09-21,460483
2015-09-22,448841
2015-09-23,429248
2015-09-24,432560
2015-09-25,421203
2015-09-30,403502
2015-10-01,407005
2015-10-02,416754
2015-10-05,421203
2015-10-06,418363
2015-10-07,399432
2015-10-08,388736
2015-10-12,393943
2015-10-13,391861
2015-10-14,380408
2015-10-15,402556
2015-10-16,412683
2015-10-19,408235
2015-10-20,425746
2015-10-21,421203
2015-10-22,430574
2015-10-23,429627
2015-10-26,435401
2015-10-27,430194
2015-10-28,439092
2015-10-29,467582
2015-10-30,460861
2015-11-02,448367
2015-11-03,448083
2015-11-04,458117
2015-11-05,471085
2015-11-06,483673
2015-11-09,454993
2015-11-10,436726
2015-11-11,456603
2015-11-12,482726
2015-11-13,470138
2015-11-16,449882
2015-11-17,454331
2015-11-18,437104
2015-11-19,431331
2015-11-20,428869
2015-11-23,461430
2015-11-24,456224
2015-11-25,449787
2015-11-26,451112
2015-11-27,454899
2015-11-30,444866
2015-12-01,471463
2015-12-02,493422
2015-12-03,494085
2015-12-04,472126
2015-12-07,472788
2015-12-08,449693
2015-12-09,437577
2015-12-10,435495
2015-12-11,415996
2015-12-14,419025
2015-12-15,440890
2015-12-16,449409
2015-12-17,459063
2015-12-18,463796
2015-12-21,460577
2015-12-22,460389
2015-12-23,455372
2015-12-24,458685
2015-12-28,450545
2015-12-29,482726
2015-12-30,485377
2016-01-04,483200
2016-01-05,492191
2016-01-06,508756
2016-01-07,510743
2016-01-08,515097
2016-01-11,527119
2016-01-12,495977
2016-01-13,486608
2016-01-14,476574
2016-01-15,482821
2016-01-18,493991
2016-01-19,506957
2016-01-20,497587
2016-01-21,482348
2016-01-22,476384
2016-01-25,488500
2016-01-26,489352
2016-01-27,473734
2016-01-28,482726
2016-01-29,485850
2016-02-01,499386
2016-02-02,483957
2016-02-03,484620
2016-02-04,483673
2016-02-05,482538
2016-02-11,444771
2016-02-12,388075
2016-02-15,394131
2016-02-16,409939
2016-02-17,393280
2016-02-18,396688
2016-02-19,406531
2016-02-22,419025
2016-02-23,412873
2016-02-24,404639
2016-02-25,438524
2016-02-26,426124
2016-02-29,421676
2016-03-02,422906
2016-03-03,425935
2016-03-04,439565
2016-03-07,435495
2016-03-08,441742
2016-03-09,463986
2016-03-10,457265
2016-03-11,445812
2016-03-14,439186
2016-03-15,435401
2016-03-16,444487
2016-03-17,442405
2016-03-18,445244
2016-03-21,437483
2016-03-22,416849
2016-03-23,424042
2016-03-24,411359
2016-03-25,405869
2016-03-28,396309
2016-03-29,399811
2016-03-30,416186
2016-03-31,417890
2016-04-01,413157
2016-04-04,415712
2016-04-05,429721
2016-04-06,437199
2016-04-07,451492
2016-04-08,445812
2016-04-11,438714
2016-04-12,439281
2016-04-14,428680
2016-04-15,431331
2016-04-18,424989
2016-04-19,434644
2016-04-20,432844
2016-04-21,430384
2016-04-22,417417
2016-04-25,415523
2016-04-26,410980
2016-04-27,407005
2016-04-28,402745
2016-04-29,400379
2016-05-02,384288
2016-05-03,440133
2016-05-04,440227
2016-05-09,444487
2016-05-10,445717
2016-05-11,434927
2016-05-12,433507
2016-05-13,419309
2016-05-16,425935
2016-05-17,420445
2016-05-18,413157
2016-05-19,414198
2016-05-20,414671
2016-05-23,418647
2016-05-24,430668
2016-05-25,427355
2016-05-26,422149
2016-05-27,422622
2016-05-30,416849
2016-05-31,415523
2016-06-01,427261
2016-06-02,423001
2016-06-03,424042
2016-06-07,441174
2016-06-08,450545
2016-06-09,456129
2016-06-10,446475
2016-06-13,438240
2016-06-14,439755
2016-06-15,438335
2016-06-16,407856
2016-06-17,401136
2016-06-20,407005
2016-06-21,403976
2016-06-22,400663
2016-06-23,402272
2016-06-24,397160
2016-06-27,390914
2016-06-28,393470
2016-06-29,407951
2016-06-30,408330
2016-07-01,408425
2016-07-04,414955
2016-07-05,412683
2016-07-06,426882
2016-07-07,420350
2016-07-08,424042
2016-07-11,417984
2016-07-12,409371
2016-07-13,412589
2016-07-14,405680
2016-07-15,401988
2016-07-18,397444
2016-07-19,398770
2016-07-20,409654
2016-07-21,411738
2016-07-22,415712
2016-07-25,411832
2016-07-26,413441
2016-07-27,411738
2016-07-28,419025
2016-07-29,410507
2016-08-01,402083
2016-08-02,401136
2016-08-03,406721
2016-08-04,404639
2016-08-05,407951
2016-08-08,405396
2016-08-09,435211
2016-08-10,442972
2016-08-11,452627
2016-08-12,451302
2016-08-16,465689
2016-08-17,445812
2016-08-18,460957
2016-08-19,461146
2016-08-22,461903
2016-08-23,456792
2016-08-24,450545
2016-08-25,441364
2016-08-26,439186
2016-08-29,431615
2016-08-30,423095
2016-08-31,418836
2016-09-01,427449
2016-09-02,428775
2016-09-05,421392
2016-09-06,414388
2016-09-07,406058
2016-09-08,408993
2016-09-09,421107
2016-09-12,412779
2016-09-13,406342
2016-09-19,421203
2016-09-20,421297
2016-09-21,421107
2016-09-22,415996
2016-09-23,420066
2016-09-26,424042
2016-09-27,430194
2016-09-28,427828
2016-09-29,429627
2016-09-30,426408
2016-10-04,427261
2016-10-05,429343
2016-10-06,428018
2016-10-07,412683
2016-10-10,409371
2016-10-11,409560
2016-10-12,421392
2016-10-13,419499
2016-10-14,413063
2016-10-17,419499
2016-10-18,404827
2016-10-19,402272
2016-10-20,389116
2016-10-21,371510
2016-10-24,369143
2016-10-25,358070
2016-10-26,377000
2016-10-27,387601
2016-10-28,383815
2016-10-31,385046
2016-11-01,383341
2016-11-02,383436
2016-11-03,381827
2016-11-04,328444
2016-11-07,333176
2016-11-08,349456
2016-11-09,352295
2016-11-10,387506
2016-11-11,384288
2016-11-14,382395
2016-11-15,368292
2016-11-16,377284
2016-11-17,378609
2016-11-18,362613
2016-11-21,361003
2016-11-22,366683
2016-11-23,349740
2016-11-24,321818
2016-11-25,317179
2016-11-28,306389
2016-11-29,311501
2016-11-30,310649
2016-12-01,315854
2016-12-02,316138
2016-12-05,312921
2016-12-06,313962
2016-12-07,299669
2016-12-08,316991
2016-12-09,340748
2016-12-12,332986
2016-12-13,332798
2016-12-14,336205
2016-12-15,330336
2016-12-16,329863
2016-12-19,332702
2016-12-20,331757
2016-12-21,326740
2016-12-22,318126
2016-12-23,326361
2016-12-26,326550
2016-12-27,322953
2016-12-28,336678
2016-12-29,337530
2017-01-02,326266
2017-01-03,329673
2017-01-04,333743
2017-01-05,352012
2017-01-06,357786
2017-01-09,376338
2017-01-10,377567
2017-01-11,372740
2017-01-12,371510
2017-01-13,382017
2017-01-16,400285
2017-01-17,401704
2017-01-18,393375
2017-01-19,394037
2017-01-20,389116
2017-01-23,384288
2017-01-24,383625
2017-01-25,386465
2017-01-26,386370
2017-01-31,391861
2017-02-01,406342
2017-02-02,410317
2017-02-03,395836
2017-02-06,412116
2017-02-07,407288
2017-02-08,399716
2017-02-09,389683
2017-02-10,398297
2017-02-13,399622
2017-02-14,395174
2017-02-15,389967
2017-02-16,383341
2017-02-17,388075
2017-02-20,394227
2017-02-21,403502
2017-02-22,392239
2017-02-23,398865
2017-02-24,395552
2017-02-27,385708
2017-02-28,389399
2017-03-02,390535
2017-03-03,386276
2017-03-06,389683
2017-03-07,384288
2017-03-08,380408
2017-03-09,385235
2017-03-10,387412
2017-03-13,387979
2017-03-14,385140
2017-03-15,383341
2017-03-16,383815
2017-03-17,386181
2017-03-20,386749
2017-03-21,392428
2017-03-22,387791
2017-03-23,395362
2017-03-24,395741
2017-03-27,394605
2017-03-28,403218
2017-03-29,419121
2017-03-30,433507
2017-03-31,438240
2017-04-03,435306
2017-04-04,446664
2017-04-05,433886
2017-04-06,438240
2017-04-07,445339
2017-04-10,441269
2017-04-11,460861
2017-04-12,450355
2017-04-13,453006
2017-04-14,446285
2017-04-17,476100
2017-04-18,472220
2017-04-19,460767
2017-04-20,473261
2017-04-21,473167
2017-04-24,462092
2017-04-25,470044
2017-04-26,471179
2017-04-27,481117
2017-04-28,473451
2017-05-02,486418
2017-05-04,485377
2017-05-08,494179
2017-05-10,496735
2017-05-11,505254
2017-05-12,498249
2017-05-15,498439
2017-05-16,482442
2017-05-17,489731
2017-05-18,484904
2017-05-19,486702
2017-05-22,482726
2017-05-23,478656
2017-05-24,484430
2017-05-25,477994
2017-05-26,479697
2017-05-29,478940
2017-05-30,475722
2017-05-31,494085
2017-06-01,496451
2017-06-02,510838
2017-06-05,513204
2017-06-07,518695
2017-06-08,538572
2017-06-09,533933
2017-06-12,531756
2017-06-13,533271
2017-06-14,556555
2017-06-15,563181
2017-06-16,548226
2017-06-19,542452
2017-06-20,537625
2017-06-21,528065
2017-06-22,533365
2017-06-23,528160
2017-06-26,518316
2017-06-27,519167
2017-06-28,514529
2017-06-29,525793
2017-06-30,530052
2017-07-03,517938
2017-07-04,526266
2017-07-05,520020
2017-07-06,527592
2017-07-07,546617
2017-07-10,543304
2017-07-11,534974
2017-07-12,527686
2017-07-13,532798
2017-07-14,543304
2017-07-17,550403
2017-07-18,566020
2017-07-19,556082
2017-07-20,583058
2017-07-21,584951
2017-07-24,576432
2017-07-25,584288
2017-07-26,605302
2017-07-27,599622
2017-07-28,574539
2017-07-31,559584
2017-08-01,539991
2017-08-02,548983
2017-08-03,508661
2017-08-04,478940
2017-08-07,499764
2017-08-08,493611
2017-08-09,479225
2017-08-10,497114
2017-08-11,495977
2017-08-14,497303
2017-08-16,511784
2017-08-17,526266
2017-08-18,515571
2017-08-21,505538
2017-08-22,505916
2017-08-23,501846
2017-08-24,504023
2017-08-25,503834
2017-08-28,529390
2017-08-29,524184
2017-08-30,527213
2017-08-31,538666
2017-09-01,534218
2017-09-04,520587
2017-09-05,521912
2017-09-06,522102
2017-09-07,527023
2017-09-08,526929
2017-09-11,529485
2017-09-12,530242
2017-09-13,542073
2017-09-14,554189
2017-09-15,558165
2017-09-18,542357
2017-09-19,541979
2017-09-20,534218
2017-09-21,536016
2017-09-22,531567
2017-09-25,519641
2017-09-26,535637
2017-09-27,530242
2017-09-28,502131
2017-09-29,468056
2017-10-10,479603
2017-10-11,479509
2017-10-12,435969
2017-10-13,414198
2017-10-16,405774
2017-10-17,409182
2017-10-18,414388
2017-10-19,422149
2017-10-20,420540
2017-10-23,410034
2017-10-24,418363
2017-10-25,416565
2017-10-26,401326
2017-10-27,403029
2017-10-30,395174
2017-10-31,400852
2017-11-01,402272
2017-11-02,380502
2017-11-03,407005
2017-11-06,424610
2017-11-07,425935
2017-11-08,423095
2017-11-09,416470
2017-11-10,423758
2017-11-13,449220
2017-11-14,460010
2017-11-15,435589
2017-11-16,430289
2017-11-17,442121
2017-11-20,439376
2017-11-21,422812
2017-11-22,419404
2017-11-23,424705
2017-11-24,418741
2017-11-27,424799
2017-11-28,424989
2017-11-29,446758
2017-11-30,441080
2017-12-01,447232
2017-12-04,449030
2017-12-05,452343
2017-12-06,425083
2017-12-07,420540
2017-12-08,422149
2017-12-11,433507
2017-12-12,427165
2017-12-13,431141
2017-12-14,421676
2017-12-15,425840
2017-12-18,429153
2017-12-19,431046
2017-12-20,423095
2017-12-21,422622
2017-12-22,443919
2017-12-26,456224
2017-12-27,459916
2017-12-28,458969
2018-01-02,471747
2018-01-03,468529
2018-01-04,445054
2018-01-05,447516
2018-01-08,439849
2018-01-09,423948
2018-01-10,445717
2018-01-11,468434
2018-01-12,491245
2018-01-15,520398
2018-01-16,527213
2018-01-17,541411
2018-01-18,523237
2018-01-19,524184
2018-01-22,518410
2018-01-23,562707
2018-01-24,576054
2018-01-25,584383
2018-01-26,576054
2018-01-29,565263
2018-01-30,565358
2018-01-31,575486
2018-02-01,550876
2018-02-02,558449
2018-02-05,539423
2018-02-06,555987
2018-02-07,566967
2018-02-08,567251
2018-02-09,558449
2018-02-12,555798
2018-02-13,533271
2018-02-14,577379
2018-02-19,609560
2018-02-20,595268
2018-02-21,590536
2018-02-22,590630
2018-02-23,602461
2018-02-26,601989
2018-02-27,591577
2018-02-28,571700
2018-03-02,575486
2018-03-05,579367
2018-03-06,573593
2018-03-07,615240
2018-03-08,598297
2018-03-09,622811
2018-03-12,637956
2018-03-13,607668
2018-03-14,628491
2018-03-15,614293
2018-03-16,599527
2018-03-19,606247
2018-03-20,671179
2018-03-21,645717
2018-03-22,672977
2018-03-23,664459
2018-03-26,678562
2018-03-27,681023
2018-03-28,681496
2018-03-29,706768
2018-03-30,692949
2018-04-02,689637
2018-04-03,680550
2018-04-04,709892
2018-04-05,697587
2018-04-06,687081
2018-04-09,690961
2018-04-10,683389
2018-04-11,700994
2018-04-12,686986
2018-04-13,693327
2018-04-16,692854
2018-04-17,682442
2018-04-18,705160
2018-04-19,653196
2018-04-20,651208
2018-04-23,650356
2018-04-24,622433
2018-04-25,658401
2018-04-26,654710
2018-04-27,650734
2018-04-30,660295
2018-05-02,643919
2018-05-03,642784
2018-05-04,632278
2018-05-08,615240
2018-05-09,622811
2018-05-10,605869
2018-05-11,615240
2018-05-14,568481
2018-05-15,576432
2018-05-16,631331
2018-05-17,634170
2018-05-18,626124
2018-05-21,651965
2018-05-23,628586
2018-05-24,664743
2018-05-25,682821
2018-05-28,690204
2018-05-29,700900
2018-05-30,719357
2018-05-31,713300
2018-06-01,731662
2018-06-04,730148
2018-06-05,724184
2018-06-07,720871
2018-06-08,703172
2018-06-11,729769
2018-06-12,729769
2018-06-14,707146
2018-06-15,706105
2018-06-18,696546
2018-06-19,696640
2018-06-20,735069
2018-06-21,702509
2018-06-22,705917
2018-06-25,709324
2018-06-26,719357
2018-06-27,730052
2018-06-28,730526
2018-06-29,726267
2018-07-02,717748
2018-07-03,749645
2018-07-04,758069
2018-07-05,744913
2018-07-06,776243
2018-07-09,807857
2018-07-10,785898
2018-07-11,737435
2018-07-12,758354
2018-07-13,778042
2018-07-16,763370
2018-07-17,756271
2018-07-18,757028
2018-07-19,719357
2018-07-20,751823
2018-07-23,712163
2018-07-24,710933
2018-07-25,684809
2018-07-26,688595
2018-07-27,686228
2018-07-30,681496
2018-07-31,679414
2018-08-01,693707
2018-08-02,681780
2018-08-03,712259
2018-08-06,685283
2018-08-07,690961
2018-08-08,682254
2018-08-09,681496
2018-08-10,665878
2018-08-13,632088
2018-08-14,635117
2018-08-16,598202
2018-08-17,605112
2018-08-20,592050
2018-08-21,602651
2018-08-22,587411
2018-08-23,591765
2018-08-24,582016
2018-08-27,605017
2018-08-28,600095
2018-08-29,639849
2018-08-30,638808
2018-08-31,633981
2018-09-03,657644
2018-09-04,689541
2018-09-05,667866
2018-09-06,647421
2018-09-07,643067
2018-09-10,669760
2018-09-11,653100
2018-09-12,658969
2018-09-13,686228
2018-09-14,671463
2018-09-17,645434
2018-09-18,631331
2018-09-19,618079
2018-09-20,606247
2018-09-21,601799
2018-09-27,580313
2018-09-28,585897
2018-10-01,578326
2018-10-02,555609
2018-10-04,527686
2018-10-05,528065
2018-10-08,533839
2018-10-10,510459
2018-10-11,490109
2018-10-12,503550
2018-10-15,469475
2018-10-16,471179
2018-10-17,472220
2018-10-18,441080
2018-10-19,456224
2018-10-22,445812
2018-10-23,418458
2018-10-24,413820
2018-10-25,427449
2018-10-26,413630
2018-10-29,451492
2018-10-30,456887
2018-10-31,441458
2018-11-01,472883
2018-11-02,497871
2018-11-05,490772
2018-11-06,479792
2018-11-07,493328
2018-11-08,525604
2018-11-09,514909
2018-11-12,491813
2018-11-13,500710
2018-11-14,517180
2018-11-15,519641
2018-11-16,520020
2018-11-19,527403
2018-11-20,515097
2018-11-21,536678
2018-11-22,548037
2018-11-23,531377
2018-11-26,539517
2018-11-27,536962
2018-11-28,534028
2018-11-29,531377
2018-11-30,533271
2018-12-03,562423
2018-12-04,570564
2018-12-05,576432
2018-12-06,560152
2018-12-07,555514
2018-12-10,544061
2018-12-11,547563
2018-12-12,567818
2018-12-13,575107
2018-12-14,553242
2018-12-17,541411
2018-12-18,541032
2018-12-19,544629
2018-12-20,535447
2018-12-21,567724
2018-12-24,569806
2018-12-26,567346
2018-12-27,559367
2018-12-28,562189
2019-01-02,567248
2019-01-03,536891
2019-01-04,557908
2019-01-07,553529
2019-01-08,542340
2019-01-09,554113
2019-01-10,555962
2019-01-11,550513
2019-01-14,546718
2019-01-15,568513
2019-01-16,582913
2019-01-17,574156
2019-01-18,578340
2019-01-21,543994
2019-01-22,533486
2019-01-23,502253
2019-01-24,506923
2019-01-25,512761
2019-01-28,509648
2019-01-29,510815
2019-01-30,505756
2019-01-31,504004
2019-02-01,510718
2019-02-07,522394
2019-02-08,517918
2019-02-11,521615
2019-02-12,515680
2019-02-13,520545
2019-02-14,527356
2019-02-15,514026
2019-02-18,525313
2019-02-19,515486
2019-02-20,520545
2019-02-21,535432
2019-02-22,517626
2019-02-25,508772
2019-02-26,510815
2019-02-27,520059
2019-02-28,531248
2019-03-04,550805
2019-03-05,560146
2019-03-06,546329
2019-03-07,541756
2019-03-08,534848
2019-03-11,536599
2019-03-12,568708
2019-03-13,568708
2019-03-14,552070
2019-03-15,554113
2019-03-18,562383
2019-03-19,538935
2019-03-20,525215
2019-03-21,526675
2019-03-22,531345
2019-03-25,522978
2019-03-26,548372
2019-03-27,536210
2019-03-28,530372
2019-03-29,568027
2019-04-01,580773
2019-04-02,598481
2019-04-03,598384
2019-04-04,607919
2019-04-05,584275
2019-04-08,582621
2019-04-09,580870
2019-04-10,592643
2019-04-11,612005
2019-04-12,605973
2019-04-15,599259
2019-04-16,604903
2019-04-17,593713
2019-04-18,581648
2019-04-19,609476
2019-04-22,597605
2019-04-23,597508
2019-04-24,561508
2019-04-25,560340
2019-04-26,556351
2019-04-29,561508
2019-04-30,543994
2019-05-02,540102
2019-05-03,536599
2019-05-07,533097
2019-05-08,524242
2019-05-09,502059
2019-05-10,502156
2019-05-13,506729
2019-05-14,507215
2019-05-15,502059
2019-05-16,511788
2019-05-17,475885
2019-05-20,457691
2019-05-21,450004
2019-05-22,433463
2019-05-23,437161
2019-05-24,428793
2019-05-27,425582
2019-05-28,429571
2019-05-29,418382
2019-05-30,428112
2019-05-31,436090
2019-06-03,470242
2019-06-04,458858
2019-06-05,423247
2019-06-07,421398
2019-06-10,426652
2019-06-11,428696
2019-06-12,419063
2019-06-13,413517
2019-06-14,414490
2019-06-17,408652
2019-06-18,406512
2019-06-19,408847
2019-06-20,423052
2019-06-21,429085
2019-06-24,422177
2019-06-25,420231
2019-06-26,431420
2019-06-27,436966
2019-06-28,437842
2019-07-01,442415
2019-07-02,439593
2019-07-03,437647
2019-07-04,423831
2019-07-05,435507
2019-07-08,413225
2019-07-09,413517
2019-07-10,411863
2019-07-11,403787
2019-07-12,403495
2019-07-15,389971
2019-07-16,408750
2019-07-17,410014
2019-07-18,401452
2019-07-19,407679
2019-07-22,404760
2019-07-23,400479
2019-07-24,403690
2019-07-25,405733
2019-07-26,407193
2019-07-29,405344
2019-07-30,405441
2019-07-31,406609
2019-08-01,405831
2019-08-02,381701
2019-08-05,308922
2019-08-06,319527
2019-08-07,331203
2019-08-08,341322
2019-08-09,330911
2019-08-12,331398
2019-08-13,346479
2019-08-14,348522
2019-08-16,328089
2019-08-19,338598
2019-08-20,347354
2019-08-21,367787
2019-08-22,356792
2019-08-23,360684
2019-08-26,343949
2019-08-27,346284
2019-08-28,362922
2019-08-29,356306
2019-08-30,342490
2019-09-02,357376
2019-09-03,349495
2019-09-04,353582
2019-09-05,350760
2019-09-06,345895
2019-09-09,346965
2019-09-10,340446
2019-09-11,355625
2019-09-16,355236
2019-09-17,360003
2019-09-18,354652
2019-09-19,349300
2019-09-20,346868
2019-09-23,347938
2019-09-24,348133
2019-09-25,342198
2019-09-26,371582
2019-09-27,369636
2019-09-30,350371
2019-10-01,364868
2019-10-02,353192
2019-10-04,351636
2019-10-07,369052
2019-10-08,355625
2019-10-10,356695
2019-10-11,349981
2019-10-14,355041
2019-10-15,351149
2019-10-16,361463
2019-10-17,325949
2019-10-18,305808
2019-10-21,305614
2019-10-22,313203
2019-10-23,319235
2019-10-24,313300
2019-10-25,311646
2019-10-28,315343
2019-10-29,320403
2019-10-30,315343
2019-10-31,321084
2019-11-01,322738
2019-11-04,320014
2019-11-05,332760
2019-11-06,331787
2019-11-07,322835
2019-11-08,324781
2019-11-11,290727
2019-11-12,287419
2019-11-13,278565
2019-11-14,292867
2019-11-15,287030
2019-11-18,289365
2019-11-19,288003
2019-11-20,284208
2019-11-21,280219
2019-11-22,281678
2019-11-25,288976
2019-11-26,295689
2019-11-27,294424
2019-11-28,300943
2019-11-29,294132
2019-12-02,294522
2019-12-03,294716
2019-12-04,291603
2019-12-05,283527
2019-12-06,289267
2019-12-09,284111
2019-12-10,283527
2019-12-11,282943
2019-12-12,286057
2019-12-13,290922
2019-12-16,289949
2019-12-17,293646
2019-12-18,290922
2019-12-19,291019
2019-12-20,290727
2019-12-23,298511
2019-12-24,294132
2019-12-26,306100
2019-12-27,300000
2019-12-30,300900
2020-01-02,300600
2020-01-03,311400
2020-01-06,301900
2020-01-07,323000
2020-01-08,315200
2020-01-09,329800
2020-01-10,344500
2020-01-13,373000
2020-01-14,365500
2020-01-15,343800
2020-01-16,345000
2020-01-17,346700
2020-01-20,351000
2020-01-21,342200
2020-01-22,346800
2020-01-23,331800
2020-01-28,315200
2020-01-29,320200
2020-01-30,320200
2020-01-31,324900
2020-02-03,329000
2020-02-04,337300
2020-02-05,329600
2020-02-06,339500
2020-02-07,340500
2020-02-10,346400
2020-02-11,343100
2020-02-12,340800
2020-02-13,347500
2020-02-14,339600
2020-02-17,339900
2020-02-18,335700
2020-02-19,330700
2020-02-20,318000
2020-02-21,313200
2020-02-24,299800
2020-02-25,299700
2020-02-26,303000
2020-02-27,298000
2020-02-28,293500
2020-03-02,247500
2020-03-03,243900
2020-03-04,279300
2020-03-05,260100
2020-03-06,250100
2020-03-09,247000
2020-03-10,251200
2020-03-11,243000
2020-03-12,233000
2020-03-13,208100
2020-03-16,207000
2020-03-17,206100
2020-03-18,196000
2020-03-19,150100
2020-03-20,172900
2020-03-23,150600
2020-03-24,160000
2020-03-25,138200
2020-03-26,144300
2020-03-27,160600
2020-03-30,176000
2020-03-31,197300
2020-04-01,185700
2020-04-02,185700
2020-04-03,186900
2020-04-06,188100
2020-04-07,192700
2020-04-08,190500
2020-04-09,206400
2020-04-10,194200
2020-04-13,188100
2020-04-14,190300
2020-04-16,186100
2020-04-17,191000
2020-04-20,133700
2020-04-21,128700
2020-04-22,110900
2020-04-23,116400
2020-04-24,110000
2020-04-27,104900
2020-04-28,107500
2020-04-29,115600
2020-05-04,111200
2020-05-06,117900
2020-05-07,125500
2020-05-08,153100
2020-05-11,163700
2020-05-12,159600
2020-05-13,153800
2020-05-14,141700
2020-05-15,148400
2020-05-18,138900
2020-05-19,137400
2020-05-20,145700
2020-05-21,146800
2020-05-22,182900
2020-05-25,171200
2020-05-26,172000
2020-05-27,171800
2020-05-28,163700
2020-05-29,169000
2020-06-01,174700
2020-06-02,165200
2020-06-03,158200
2020-06-04,158700
2020-06-05,149600
2020-06-08,150500
2020-06-09,143200
2020-06-10,156200
2020-06-11,150000
2020-06-12,153000
2020-06-15,147000
2020-06-16,148700
2020-06-17,150000
2020-06-18,120000
2020-06-19,123500
2020-06-22,134500
2020-06-23,133000
2020-06-24,142300
2020-06-25,144700
2020-06-26,142000
2020-06-29,137800
2020-06-30,145600
2020-07-01,154200
2020-07-02,158000
2020-07-03,167900
2020-07-06,166000
2020-07-07,215800
2020-07-08,252600
2020-07-09,219400
2020-07-10,204400
2020-07-13,198000
2020-07-14,200000
2020-07-15,187500
2020-07-16,187300
2020-07-17,185700
2020-07-20,183100
2020-07-21,183200
2020-07-22,180500
2020-07-23,175300
2020-07-24,171900
2020-07-27,171000
2020-07-28,164000
